method,reference_package,dataset,tier,metric,observed,comparison,tolerance,gating,basis,diagnosis,passed,versions
bbknn_scrublet,scanpy,pbmc68k_reduced + pbmc3k,stochastic,bbknn.connectivity_jaccard,0.8566044601377839,>=,0.85,True,,,True,"{""rapids-singlecell"": ""0.16.1"", ""scanpy"": ""1.12.3""}"
bbknn_scrublet,scanpy,pbmc68k_reduced + pbmc3k,stochastic,scrublet.score.pearson_correlation,0.9996055612444295,>=,0.95,True,,,True,"{""rapids-singlecell"": ""0.16.1"", ""scanpy"": ""1.12.3""}"
bbknn_scrublet,scanpy,pbmc68k_reduced + pbmc3k,stochastic,scrublet.call.exact_agreement,1.0,>=,0.95,True,,,True,"{""rapids-singlecell"": ""0.16.1"", ""scanpy"": ""1.12.3""}"
bbknn_scrublet,scanpy,pbmc68k_reduced + pbmc3k,stochastic,scrublet_simulate_doublets.library_size.relative_error_of_mean,0.0,<=,0.02,True,,,True,"{""rapids-singlecell"": ""0.16.1"", ""scanpy"": ""1.12.3""}"
bbknn_scrublet,scanpy,pbmc68k_reduced + pbmc3k,stochastic,scrublet_simulate_doublets.library_size.relative_error_of_std,0.0,<=,0.05,True,,,True,"{""rapids-singlecell"": ""0.16.1"", ""scanpy"": ""1.12.3""}"
biological_pipeline_pbmc3k,scanpy,pbmc3k_processed raw log-expression with published cell-type labels,biological,umap.cpu_reseeded_knn_overlap,0.4032853171594643,observed,,False,,,True,"{""rapids-singlecell"": ""0.16.1"", ""scanpy"": ""1.12.3""}"
biological_pipeline_pbmc3k,scanpy,pbmc3k_processed raw log-expression with published cell-type labels,biological,umap.cross_embedding_overlap_vs_cpu_baseline,-0.0013899418751580073,observed,,False,,,True,"{""rapids-singlecell"": ""0.16.1"", ""scanpy"": ""1.12.3""}"
biological_pipeline_pbmc3k,scanpy,pbmc3k_processed raw log-expression with published cell-type labels,biological,highly_variable_genes.selection.set_jaccard,1.0,>=,0.98,True,,,True,"{""rapids-singlecell"": ""0.16.1"", ""scanpy"": ""1.12.3""}"
biological_pipeline_pbmc3k,scanpy,pbmc3k_processed raw log-expression with published cell-type labels,biological,pca.minimum_component_abs_correlation,0.9999997552111949,>=,0.95,True,,,True,"{""rapids-singlecell"": ""0.16.1"", ""scanpy"": ""1.12.3""}"
biological_pipeline_pbmc3k,scanpy,pbmc3k_processed raw log-expression with published cell-type labels,biological,umap.cross_embedding_knn_overlap,0.4018953752843063,>=,0.6,True,,"UMAP is stochastic, and this threshold asks for more agreement than the CPU reference shows against itself. Compare `umap.cpu_reseeded_knn_overlap`, the same measurement with only the seed changed, and `umap.cross_embedding_overlap_vs_cpu_baseline`.",False,"{""rapids-singlecell"": ""0.16.1"", ""scanpy"": ""1.12.3""}"
biological_pipeline_pbmc3k,scanpy,pbmc3k_processed raw log-expression with published cell-type labels,biological,clustering.adjusted_rand_index,0.971850766459035,>=,0.8,True,,,True,"{""rapids-singlecell"": ""0.16.1"", ""scanpy"": ""1.12.3""}"
biological_pipeline_pbmc3k,scanpy,pbmc3k_processed raw log-expression with published cell-type labels,biological,clustering.normalized_mutual_information,0.9531958533090836,>=,0.8,True,,,True,"{""rapids-singlecell"": ""0.16.1"", ""scanpy"": ""1.12.3""}"
biological_pipeline_pbmc3k,scanpy,pbmc3k_processed raw log-expression with published cell-type labels,biological,clustering.cell_type_nmi_difference,0.005858614050262556,<=,0.05,True,,,True,"{""rapids-singlecell"": ""0.16.1"", ""scanpy"": ""1.12.3""}"
biological_pipeline_pbmc3k,scanpy,pbmc3k_processed raw log-expression with published cell-type labels,biological,markers.B cells.set_jaccard,1.0,observed,,False,,,True,"{""rapids-singlecell"": ""0.16.1"", ""scanpy"": ""1.12.3""}"
biological_pipeline_pbmc3k,scanpy,pbmc3k_processed raw log-expression with published cell-type labels,biological,markers.CD14+ Monocytes.set_jaccard,1.0,observed,,False,,,True,"{""rapids-singlecell"": ""0.16.1"", ""scanpy"": ""1.12.3""}"
biological_pipeline_pbmc3k,scanpy,pbmc3k_processed raw log-expression with published cell-type labels,biological,markers.CD4 T cells.set_jaccard,1.0,observed,,False,,,True,"{""rapids-singlecell"": ""0.16.1"", ""scanpy"": ""1.12.3""}"
biological_pipeline_pbmc3k,scanpy,pbmc3k_processed raw log-expression with published cell-type labels,biological,markers.CD8 T cells.set_jaccard,1.0,observed,,False,,,True,"{""rapids-singlecell"": ""0.16.1"", ""scanpy"": ""1.12.3""}"
biological_pipeline_pbmc3k,scanpy,pbmc3k_processed raw log-expression with published cell-type labels,biological,markers.Dendritic cells.set_jaccard,1.0,observed,,False,,,True,"{""rapids-singlecell"": ""0.16.1"", ""scanpy"": ""1.12.3""}"
biological_pipeline_pbmc3k,scanpy,pbmc3k_processed raw log-expression with published cell-type labels,biological,markers.FCGR3A+ Monocytes.set_jaccard,1.0,observed,,False,,,True,"{""rapids-singlecell"": ""0.16.1"", ""scanpy"": ""1.12.3""}"
biological_pipeline_pbmc3k,scanpy,pbmc3k_processed raw log-expression with published cell-type labels,biological,markers.Megakaryocytes.set_jaccard,1.0,observed,,False,,,True,"{""rapids-singlecell"": ""0.16.1"", ""scanpy"": ""1.12.3""}"
biological_pipeline_pbmc3k,scanpy,pbmc3k_processed raw log-expression with published cell-type labels,biological,markers.NK cells.set_jaccard,1.0,observed,,False,,,True,"{""rapids-singlecell"": ""0.16.1"", ""scanpy"": ""1.12.3""}"
biological_pipeline_pbmc3k,scanpy,pbmc3k_processed raw log-expression with published cell-type labels,biological,annotation.exact_agreement,1.0,>=,0.9,True,,,True,"{""rapids-singlecell"": ""0.16.1"", ""scanpy"": ""1.12.3""}"
biological_pipeline_pbmc3k,scanpy,pbmc3k_processed raw log-expression with published cell-type labels,biological,annotation.accuracy_difference,0.0,<=,0.05,True,,,True,"{""rapids-singlecell"": ""0.16.1"", ""scanpy"": ""1.12.3""}"
biological_pipeline_pbmc3k,scanpy,pbmc3k_processed raw log-expression with published cell-type labels,biological,markers.mean_set_jaccard,1.0,>=,0.85,True,,,True,"{""rapids-singlecell"": ""0.16.1"", ""scanpy"": ""1.12.3""}"
biological_pipeline_pbmc3k,scanpy,pbmc3k_processed raw log-expression with published cell-type labels,biological,markers.minimum_set_jaccard,1.0,>=,0.7,True,,,True,"{""rapids-singlecell"": ""0.16.1"", ""scanpy"": ""1.12.3""}"
calculate_niche,squidpy,squidpy.datasets.imc,stochastic,neighborhood.adjusted_rand_index,0.8590089825376331,>=,0.9,True,,"The neighborhood profile holds only 755 distinct rows across 4668 cells, so 89.67% of cells have an exact distance tie at the k-th neighbour. Against exact float64 ground truth the GPU kNN is exact and `sc.pp.neighbors` is not, on 743 rows: the divergence is the CPU reference.",False,"{""rapids-singlecell"": ""0.16.1"", ""squidpy"": ""1.8.3""}"
calculate_niche,squidpy,squidpy.datasets.imc,stochastic,neighborhood.normalized_mutual_information,0.8066738759785339,>=,0.9,True,,"The neighborhood profile holds only 755 distinct rows across 4668 cells, so 89.67% of cells have an exact distance tie at the k-th neighbour. Against exact float64 ground truth the GPU kNN is exact and `sc.pp.neighbors` is not, on 743 rows: the divergence is the CPU reference.",False,"{""rapids-singlecell"": ""0.16.1"", ""squidpy"": ""1.8.3""}"
calculate_niche,squidpy,squidpy.datasets.imc,stochastic,cellcharter.cluster_count_difference,0.0,<=,1.0,True,,,True,"{""rapids-singlecell"": ""0.16.1"", ""squidpy"": ""1.8.3""}"
calculate_niche,squidpy,squidpy.datasets.imc,stochastic,neighborhood.cluster_count_difference,11.0,<=,1.0,True,,"`resolution` does not carry the same meaning across Leiden implementations: on identical input cuGraph found 34 clusters where leidenalg found 41, and Scanpy's own two backends already differ by 1.",False,"{""rapids-singlecell"": ""0.16.1"", ""squidpy"": ""1.8.3""}"
calculate_niche,squidpy,squidpy.datasets.imc,stochastic,utag.cluster_count_difference,0.0,<=,1.0,True,,,True,"{""rapids-singlecell"": ""0.16.1"", ""squidpy"": ""1.8.3""}"
calculate_niche,squidpy,squidpy.datasets.imc,stochastic,utag.adjusted_rand_index,0.5546272189554484,>=,0.85,True,,"Squidpy calls `sc.tl.leiden` without a flavor, so CPU and GPU use different Leiden backends. On identical input Scanpy's own leidenalg and igraph backends agree only at ARI 0.5041, below this threshold, so the criterion measures backend choice rather than correctness.",False,"{""rapids-singlecell"": ""0.16.1"", ""squidpy"": ""1.8.3""}"
calculate_niche,squidpy,squidpy.datasets.imc,stochastic,utag.normalized_mutual_information,0.7332727051187748,>=,0.85,True,,"Squidpy calls `sc.tl.leiden` without a flavor, so CPU and GPU use different Leiden backends. On identical input Scanpy's own leidenalg and igraph backends agree only at ARI 0.5041, below this threshold, so the criterion measures backend choice rather than correctness.",False,"{""rapids-singlecell"": ""0.16.1"", ""squidpy"": ""1.8.3""}"
calculate_niche,squidpy,squidpy.datasets.imc,stochastic,cellcharter.adjusted_rand_index,0.9586100176385757,>=,0.8,True,,,True,"{""rapids-singlecell"": ""0.16.1"", ""squidpy"": ""1.8.3""}"
calculate_niche,squidpy,squidpy.datasets.imc,stochastic,cellcharter.normalized_mutual_information,0.9263038950133271,>=,0.8,True,,,True,"{""rapids-singlecell"": ""0.16.1"", ""squidpy"": ""1.8.3""}"
clustering_extended,scanpy,scanpy.datasets.pbmc68k_reduced,stochastic,louvain.adjusted_rand_index,0.8336931389269541,>=,0.8,True,,,True,"{""rapids-singlecell"": ""0.16.1"", ""scanpy"": ""1.12.3""}"
clustering_extended,scanpy,scanpy.datasets.pbmc68k_reduced,stochastic,louvain.normalized_mutual_information,0.8850267656900057,>=,0.8,True,,,True,"{""rapids-singlecell"": ""0.16.1"", ""scanpy"": ""1.12.3""}"
clustering_extended,scanpy,scanpy.datasets.pbmc68k_reduced,stochastic,kmeans.adjusted_rand_index,0.8175711199107404,>=,0.8,True,,,True,"{""rapids-singlecell"": ""0.16.1"", ""scanpy"": ""1.12.3""}"
clustering_extended,scanpy,scanpy.datasets.pbmc68k_reduced,stochastic,kmeans.normalized_mutual_information,0.8971594066262218,>=,0.8,True,,,True,"{""rapids-singlecell"": ""0.16.1"", ""scanpy"": ""1.12.3""}"
co_occurrence,squidpy,squidpy.datasets.imc,deterministic,interval.allclose_excess,0.0,observed,,False,,,True,"{""rapids-singlecell"": ""0.16.1"", ""squidpy"": ""1.8.3""}"
co_occurrence,squidpy,squidpy.datasets.imc,deterministic,interval.allclose_worst_magnitude,20.91173553466797,observed,,False,,,True,"{""rapids-singlecell"": ""0.16.1"", ""squidpy"": ""1.8.3""}"
co_occurrence,squidpy,squidpy.datasets.imc,deterministic,interval.allclose_violating_fraction,0.0,observed,,False,,,True,"{""rapids-singlecell"": ""0.16.1"", ""squidpy"": ""1.8.3""}"
co_occurrence,squidpy,squidpy.datasets.imc,deterministic,interval.max_abs_error,0.0,observed,,False,,,True,"{""rapids-singlecell"": ""0.16.1"", ""squidpy"": ""1.8.3""}"
co_occurrence,squidpy,squidpy.datasets.imc,deterministic,interval.max_rel_error,0.0,observed,,False,,,True,"{""rapids-singlecell"": ""0.16.1"", ""squidpy"": ""1.8.3""}"
co_occurrence,squidpy,squidpy.datasets.imc,deterministic,occurrence.allclose_excess,0.047047078249565555,observed,,False,,,True,"{""rapids-singlecell"": ""0.16.1"", ""squidpy"": ""1.8.3""}"
co_occurrence,squidpy,squidpy.datasets.imc,deterministic,occurrence.allclose_worst_magnitude,0.9884298926447674,observed,,False,,,True,"{""rapids-singlecell"": ""0.16.1"", ""squidpy"": ""1.8.3""}"
co_occurrence,squidpy,squidpy.datasets.imc,deterministic,occurrence.allclose_violating_fraction,0.0,observed,,False,,,True,"{""rapids-singlecell"": ""0.16.1"", ""squidpy"": ""1.8.3""}"
co_occurrence,squidpy,squidpy.datasets.imc,deterministic,occurrence.max_abs_error,1.4481226138229886e-06,observed,,False,,,True,"{""rapids-singlecell"": ""0.16.1"", ""squidpy"": ""1.8.3""}"
co_occurrence,squidpy,squidpy.datasets.imc,deterministic,occurrence.max_rel_error,2.2463679594443075e-07,observed,,False,,,True,"{""rapids-singlecell"": ""0.16.1"", ""squidpy"": ""1.8.3""}"
co_occurrence,squidpy,squidpy.datasets.imc,deterministic,occurrence.mean_abs_error,9.838864661065462e-08,<=,1e-06,True,,,True,"{""rapids-singlecell"": ""0.16.1"", ""squidpy"": ""1.8.3""}"
co_occurrence,squidpy,squidpy.datasets.imc,deterministic,occurrence.pearson_correlation,0.9999999999999503,>=,0.99999,True,,,True,"{""rapids-singlecell"": ""0.16.1"", ""squidpy"": ""1.8.3""}"
decoupler_methods,decoupler,decoupler.ds.toy,deterministic,aucell.score.allclose_excess,0.005195921712811416,observed,,False,,,True,"{""decoupler"": ""2.2.0"", ""rapids-singlecell"": ""0.16.1""}"
decoupler_methods,decoupler,decoupler.ds.toy,deterministic,aucell.score.allclose_worst_magnitude,0.26666666666666666,observed,,False,,,True,"{""decoupler"": ""2.2.0"", ""rapids-singlecell"": ""0.16.1""}"
decoupler_methods,decoupler,decoupler.ds.toy,deterministic,aucell.score.allclose_violating_fraction,0.0,observed,,False,,,True,"{""decoupler"": ""2.2.0"", ""rapids-singlecell"": ""0.16.1""}"
decoupler_methods,decoupler,decoupler.ds.toy,deterministic,aucell.score.max_abs_error,1.9868214962137642e-08,observed,,False,,,True,"{""decoupler"": ""2.2.0"", ""rapids-singlecell"": ""0.16.1""}"
decoupler_methods,decoupler,decoupler.ds.toy,deterministic,aucell.score.max_rel_error,1.9868214962137642e-08,observed,,False,,,True,"{""decoupler"": ""2.2.0"", ""rapids-singlecell"": ""0.16.1""}"
decoupler_methods,decoupler,decoupler.ds.toy,deterministic,mlm.adjusted_pvalue.allclose_excess,1.8209350479628212,observed,,False,,,True,"{""decoupler"": ""2.2.0"", ""rapids-singlecell"": ""0.16.1""}"
decoupler_methods,decoupler,decoupler.ds.toy,deterministic,mlm.adjusted_pvalue.allclose_worst_magnitude,0.9786864695774231,observed,,False,,,True,"{""decoupler"": ""2.2.0"", ""rapids-singlecell"": ""0.16.1""}"
decoupler_methods,decoupler,decoupler.ds.toy,deterministic,mlm.adjusted_pvalue.allclose_violating_fraction,0.0075,observed,,False,,,True,"{""decoupler"": ""2.2.0"", ""rapids-singlecell"": ""0.16.1""}"
decoupler_methods,decoupler,decoupler.ds.toy,deterministic,mlm.adjusted_pvalue.max_abs_error,1.783945428468492e-05,observed,,False,,,True,"{""decoupler"": ""2.2.0"", ""rapids-singlecell"": ""0.16.1""}"
decoupler_methods,decoupler,decoupler.ds.toy,deterministic,mlm.adjusted_pvalue.max_rel_error,1.7994235194677157e-05,observed,,False,,,True,"{""decoupler"": ""2.2.0"", ""rapids-singlecell"": ""0.16.1""}"
decoupler_methods,decoupler,decoupler.ds.toy,deterministic,mlm.score.allclose_excess,3.895445676883923,observed,,False,,,True,"{""decoupler"": ""2.2.0"", ""rapids-singlecell"": ""0.16.1""}"
decoupler_methods,decoupler,decoupler.ds.toy,deterministic,mlm.score.allclose_worst_magnitude,0.010860394765698647,observed,,False,,,True,"{""decoupler"": ""2.2.0"", ""rapids-singlecell"": ""0.16.1""}"
decoupler_methods,decoupler,decoupler.ds.toy,deterministic,mlm.score.allclose_violating_fraction,0.005,observed,,False,,,True,"{""decoupler"": ""2.2.0"", ""rapids-singlecell"": ""0.16.1""}"
decoupler_methods,decoupler,decoupler.ds.toy,deterministic,mlm.score.max_abs_error,4.143194007877327e-06,observed,,False,,,True,"{""decoupler"": ""2.2.0"", ""rapids-singlecell"": ""0.16.1""}"
decoupler_methods,decoupler,decoupler.ds.toy,deterministic,mlm.score.max_rel_error,4.4461379844201247e-07,observed,,False,,,True,"{""decoupler"": ""2.2.0"", ""rapids-singlecell"": ""0.16.1""}"
decoupler_methods,decoupler,decoupler.ds.toy,deterministic,ulm.adjusted_pvalue.allclose_excess,21.178564154541327,observed,,False,,,True,"{""decoupler"": ""2.2.0"", ""rapids-singlecell"": ""0.16.1""}"
decoupler_methods,decoupler,decoupler.ds.toy,deterministic,ulm.adjusted_pvalue.allclose_worst_magnitude,0.99754399061203,observed,,False,,,True,"{""decoupler"": ""2.2.0"", ""rapids-singlecell"": ""0.16.1""}"
decoupler_methods,decoupler,decoupler.ds.toy,deterministic,ulm.adjusted_pvalue.allclose_violating_fraction,0.0025,observed,,False,,,True,"{""decoupler"": ""2.2.0"", ""rapids-singlecell"": ""0.16.1""}"
decoupler_methods,decoupler,decoupler.ds.toy,deterministic,ulm.adjusted_pvalue.max_abs_error,0.00021147727966308594,observed,,False,,,True,"{""decoupler"": ""2.2.0"", ""rapids-singlecell"": ""0.16.1""}"
decoupler_methods,decoupler,decoupler.ds.toy,deterministic,ulm.adjusted_pvalue.max_rel_error,0.00021199794861511504,observed,,False,,,True,"{""decoupler"": ""2.2.0"", ""rapids-singlecell"": ""0.16.1""}"
decoupler_methods,decoupler,decoupler.ds.toy,deterministic,ulm.score.allclose_excess,0.6255793385790659,observed,,False,,,True,"{""decoupler"": ""2.2.0"", ""rapids-singlecell"": ""0.16.1""}"
decoupler_methods,decoupler,decoupler.ds.toy,deterministic,ulm.score.allclose_worst_magnitude,0.003098437823024944,observed,,False,,,True,"{""decoupler"": ""2.2.0"", ""rapids-singlecell"": ""0.16.1""}"
decoupler_methods,decoupler,decoupler.ds.toy,deterministic,ulm.score.allclose_violating_fraction,0.0,observed,,False,,,True,"{""decoupler"": ""2.2.0"", ""rapids-singlecell"": ""0.16.1""}"
decoupler_methods,decoupler,decoupler.ds.toy,deterministic,ulm.score.max_abs_error,3.8806070419283856e-06,observed,,False,,,True,"{""decoupler"": ""2.2.0"", ""rapids-singlecell"": ""0.16.1""}"
decoupler_methods,decoupler,decoupler.ds.toy,deterministic,ulm.score.max_rel_error,4.591640923197817e-07,observed,,False,,,True,"{""decoupler"": ""2.2.0"", ""rapids-singlecell"": ""0.16.1""}"
decoupler_methods,decoupler,decoupler.ds.toy,deterministic,waggr.adjusted_pvalue.allclose_excess,0.0,observed,,False,,,True,"{""decoupler"": ""2.2.0"", ""rapids-singlecell"": ""0.16.1""}"
decoupler_methods,decoupler,decoupler.ds.toy,deterministic,waggr.adjusted_pvalue.allclose_worst_magnitude,1.0,observed,,False,,,True,"{""decoupler"": ""2.2.0"", ""rapids-singlecell"": ""0.16.1""}"
decoupler_methods,decoupler,decoupler.ds.toy,deterministic,waggr.adjusted_pvalue.allclose_violating_fraction,0.0,observed,,False,,,True,"{""decoupler"": ""2.2.0"", ""rapids-singlecell"": ""0.16.1""}"
decoupler_methods,decoupler,decoupler.ds.toy,deterministic,waggr.adjusted_pvalue.max_abs_error,0.0,observed,,False,,,True,"{""decoupler"": ""2.2.0"", ""rapids-singlecell"": ""0.16.1""}"
decoupler_methods,decoupler,decoupler.ds.toy,deterministic,waggr.adjusted_pvalue.max_rel_error,0.0,observed,,False,,,True,"{""decoupler"": ""2.2.0"", ""rapids-singlecell"": ""0.16.1""}"
decoupler_methods,decoupler,decoupler.ds.toy,deterministic,waggr.score.allclose_excess,0.7189518883549838,observed,,False,,,True,"{""decoupler"": ""2.2.0"", ""rapids-singlecell"": ""0.16.1""}"
decoupler_methods,decoupler,decoupler.ds.toy,deterministic,waggr.score.allclose_worst_magnitude,0.01765625735701097,observed,,False,,,True,"{""decoupler"": ""2.2.0"", ""rapids-singlecell"": ""0.16.1""}"
decoupler_methods,decoupler,decoupler.ds.toy,deterministic,waggr.score.allclose_violating_fraction,0.0,observed,,False,,,True,"{""decoupler"": ""2.2.0"", ""rapids-singlecell"": ""0.16.1""}"
decoupler_methods,decoupler,decoupler.ds.toy,deterministic,waggr.score.max_abs_error,1.2449623305599289e-06,observed,,False,,,True,"{""decoupler"": ""2.2.0"", ""rapids-singlecell"": ""0.16.1""}"
decoupler_methods,decoupler,decoupler.ds.toy,deterministic,waggr.score.max_rel_error,1.2745070176974044e-07,observed,,False,,,True,"{""decoupler"": ""2.2.0"", ""rapids-singlecell"": ""0.16.1""}"
decoupler_methods,decoupler,decoupler.ds.toy,deterministic,zscore.adjusted_pvalue.allclose_excess,0.142191730363944,observed,,False,,,True,"{""decoupler"": ""2.2.0"", ""rapids-singlecell"": ""0.16.1""}"
decoupler_methods,decoupler,decoupler.ds.toy,deterministic,zscore.adjusted_pvalue.allclose_worst_magnitude,0.017339345067739487,observed,,False,,,True,"{""decoupler"": ""2.2.0"", ""rapids-singlecell"": ""0.16.1""}"
decoupler_methods,decoupler,decoupler.ds.toy,deterministic,zscore.adjusted_pvalue.allclose_violating_fraction,0.0,observed,,False,,,True,"{""decoupler"": ""2.2.0"", ""rapids-singlecell"": ""0.16.1""}"
decoupler_methods,decoupler,decoupler.ds.toy,deterministic,zscore.adjusted_pvalue.max_abs_error,2.384185791015625e-07,observed,,False,,,True,"{""decoupler"": ""2.2.0"", ""rapids-singlecell"": ""0.16.1""}"
decoupler_methods,decoupler,decoupler.ds.toy,deterministic,zscore.adjusted_pvalue.max_rel_error,4.100304939678364e-07,observed,,False,,,True,"{""decoupler"": ""2.2.0"", ""rapids-singlecell"": ""0.16.1""}"
decoupler_methods,decoupler,decoupler.ds.toy,deterministic,zscore.score.allclose_excess,0.05333702867367087,observed,,False,,,True,"{""decoupler"": ""2.2.0"", ""rapids-singlecell"": ""0.16.1""}"
decoupler_methods,decoupler,decoupler.ds.toy,deterministic,zscore.score.allclose_worst_magnitude,0.5512454002341394,observed,,False,,,True,"{""decoupler"": ""2.2.0"", ""rapids-singlecell"": ""0.16.1""}"
decoupler_methods,decoupler,decoupler.ds.toy,deterministic,zscore.score.allclose_violating_fraction,0.0,observed,,False,,,True,"{""decoupler"": ""2.2.0"", ""rapids-singlecell"": ""0.16.1""}"
decoupler_methods,decoupler,decoupler.ds.toy,deterministic,zscore.score.max_abs_error,1.1061834754855226e-06,observed,,False,,,True,"{""decoupler"": ""2.2.0"", ""rapids-singlecell"": ""0.16.1""}"
decoupler_methods,decoupler,decoupler.ds.toy,deterministic,zscore.score.max_rel_error,1.1115226352807197e-07,observed,,False,,,True,"{""decoupler"": ""2.2.0"", ""rapids-singlecell"": ""0.16.1""}"
decoupler_methods,decoupler,decoupler.ds.toy,deterministic,aucell.score.pearson_correlation,1.0,>=,0.999,True,,,True,"{""decoupler"": ""2.2.0"", ""rapids-singlecell"": ""0.16.1""}"
decoupler_methods,decoupler,decoupler.ds.toy,deterministic,mlm.adjusted_pvalue.pearson_correlation,0.9999999999805406,>=,0.999,True,,,True,"{""decoupler"": ""2.2.0"", ""rapids-singlecell"": ""0.16.1""}"
decoupler_methods,decoupler,decoupler.ds.toy,deterministic,mlm.score.pearson_correlation,0.9999999999999153,>=,0.999,True,,,True,"{""decoupler"": ""2.2.0"", ""rapids-singlecell"": ""0.16.1""}"
decoupler_methods,decoupler,decoupler.ds.toy,deterministic,ulm.adjusted_pvalue.pearson_correlation,0.9999999988697568,>=,0.999,True,,,True,"{""decoupler"": ""2.2.0"", ""rapids-singlecell"": ""0.16.1""}"
decoupler_methods,decoupler,decoupler.ds.toy,deterministic,ulm.score.pearson_correlation,0.9999999999999819,>=,0.999,True,,,True,"{""decoupler"": ""2.2.0"", ""rapids-singlecell"": ""0.16.1""}"
decoupler_methods,decoupler,decoupler.ds.toy,deterministic,waggr.adjusted_pvalue.pearson_correlation,1.0,>=,0.999,True,,,True,"{""decoupler"": ""2.2.0"", ""rapids-singlecell"": ""0.16.1""}"
decoupler_methods,decoupler,decoupler.ds.toy,deterministic,waggr.score.pearson_correlation,0.9999999999999983,>=,0.999,True,,,True,"{""decoupler"": ""2.2.0"", ""rapids-singlecell"": ""0.16.1""}"
decoupler_methods,decoupler,decoupler.ds.toy,deterministic,zscore.adjusted_pvalue.pearson_correlation,0.9999999999999483,>=,0.999,True,,,True,"{""decoupler"": ""2.2.0"", ""rapids-singlecell"": ""0.16.1""}"
decoupler_methods,decoupler,decoupler.ds.toy,deterministic,zscore.score.pearson_correlation,0.9999999999999976,>=,0.999,True,,,True,"{""decoupler"": ""2.2.0"", ""rapids-singlecell"": ""0.16.1""}"
distance,pertpy,seeded grouped Gaussian data,deterministic,cosine_distance.pairwise.allclose_excess,1.1038135419370605e-09,observed,,False,,,True,"{""pertpy"": ""1.1.1"", ""rapids-singlecell"": ""0.16.1""}"
distance,pertpy,seeded grouped Gaussian data,deterministic,cosine_distance.pairwise.allclose_worst_magnitude,0.019116133430956972,observed,,False,,,True,"{""pertpy"": ""1.1.1"", ""rapids-singlecell"": ""0.16.1""}"
distance,pertpy,seeded grouped Gaussian data,deterministic,cosine_distance.pairwise.allclose_violating_fraction,0.0,observed,,False,,,True,"{""pertpy"": ""1.1.1"", ""rapids-singlecell"": ""0.16.1""}"
distance,pertpy,seeded grouped Gaussian data,deterministic,cosine_distance.pairwise.max_abs_error,3.3306690738754696e-16,observed,,False,,,True,"{""pertpy"": ""1.1.1"", ""rapids-singlecell"": ""0.16.1""}"
distance,pertpy,seeded grouped Gaussian data,deterministic,cosine_distance.pairwise.max_rel_error,2.8720159368048614e-16,observed,,False,,,True,"{""pertpy"": ""1.1.1"", ""rapids-singlecell"": ""0.16.1""}"
distance,pertpy,seeded grouped Gaussian data,deterministic,edistance.pairwise.allclose_excess,5.906202579379681e-10,observed,,False,,,True,"{""pertpy"": ""1.1.1"", ""rapids-singlecell"": ""0.16.1""}"
distance,pertpy,seeded grouped Gaussian data,deterministic,edistance.pairwise.allclose_worst_magnitude,0.45014186709461423,observed,,False,,,True,"{""pertpy"": ""1.1.1"", ""rapids-singlecell"": ""0.16.1""}"
distance,pertpy,seeded grouped Gaussian data,deterministic,edistance.pairwise.allclose_violating_fraction,0.0,observed,,False,,,True,"{""pertpy"": ""1.1.1"", ""rapids-singlecell"": ""0.16.1""}"
distance,pertpy,seeded grouped Gaussian data,deterministic,edistance.pairwise.max_abs_error,3.552713678800501e-15,observed,,False,,,True,"{""pertpy"": ""1.1.1"", ""rapids-singlecell"": ""0.16.1""}"
distance,pertpy,seeded grouped Gaussian data,deterministic,edistance.pairwise.max_rel_error,8.061647276436319e-16,observed,,False,,,True,"{""pertpy"": ""1.1.1"", ""rapids-singlecell"": ""0.16.1""}"
distance,pertpy,seeded grouped Gaussian data,deterministic,euclidean.pairwise.allclose_excess,1.5800423123490845e-10,observed,,False,,,True,"{""pertpy"": ""1.1.1"", ""rapids-singlecell"": ""0.16.1""}"
distance,pertpy,seeded grouped Gaussian data,deterministic,euclidean.pairwise.allclose_worst_magnitude,1.8259003566960577,observed,,False,,,True,"{""pertpy"": ""1.1.1"", ""rapids-singlecell"": ""0.16.1""}"
distance,pertpy,seeded grouped Gaussian data,deterministic,euclidean.pairwise.allclose_violating_fraction,0.0,observed,,False,,,True,"{""pertpy"": ""1.1.1"", ""rapids-singlecell"": ""0.16.1""}"
distance,pertpy,seeded grouped Gaussian data,deterministic,euclidean.pairwise.max_abs_error,2.886579864025407e-15,observed,,False,,,True,"{""pertpy"": ""1.1.1"", ""rapids-singlecell"": ""0.16.1""}"
distance,pertpy,seeded grouped Gaussian data,deterministic,euclidean.pairwise.max_rel_error,5.54114203405482e-16,observed,,False,,,True,"{""pertpy"": ""1.1.1"", ""rapids-singlecell"": ""0.16.1""}"
distance,pertpy,seeded grouped Gaussian data,deterministic,mean_absolute_error.pairwise.allclose_excess,4.569185666333635e-11,observed,,False,,,True,"{""pertpy"": ""1.1.1"", ""rapids-singlecell"": ""0.16.1""}"
distance,pertpy,seeded grouped Gaussian data,deterministic,mean_absolute_error.pairwise.allclose_worst_magnitude,0.48496100298809336,observed,,False,,,True,"{""pertpy"": ""1.1.1"", ""rapids-singlecell"": ""0.16.1""}"
distance,pertpy,seeded grouped Gaussian data,deterministic,mean_absolute_error.pairwise.allclose_violating_fraction,0.0,observed,,False,,,True,"{""pertpy"": ""1.1.1"", ""rapids-singlecell"": ""0.16.1""}"
distance,pertpy,seeded grouped Gaussian data,deterministic,mean_absolute_error.pairwise.max_abs_error,2.220446049250313e-16,observed,,False,,,True,"{""pertpy"": ""1.1.1"", ""rapids-singlecell"": ""0.16.1""}"
distance,pertpy,seeded grouped Gaussian data,deterministic,mean_absolute_error.pairwise.max_rel_error,1.483839749755776e-16,observed,,False,,,True,"{""pertpy"": ""1.1.1"", ""rapids-singlecell"": ""0.16.1""}"
distance,pertpy,seeded grouped Gaussian data,deterministic,mse.pairwise.allclose_excess,1.1945331360079672e-10,observed,,False,,,True,"{""pertpy"": ""1.1.1"", ""rapids-singlecell"": ""0.16.1""}"
distance,pertpy,seeded grouped Gaussian data,deterministic,mse.pairwise.allclose_worst_magnitude,0.2778260093818992,observed,,False,,,True,"{""pertpy"": ""1.1.1"", ""rapids-singlecell"": ""0.16.1""}"
distance,pertpy,seeded grouped Gaussian data,deterministic,mse.pairwise.allclose_violating_fraction,0.0,observed,,False,,,True,"{""pertpy"": ""1.1.1"", ""rapids-singlecell"": ""0.16.1""}"
distance,pertpy,seeded grouped Gaussian data,deterministic,mse.pairwise.max_abs_error,8.881784197001252e-16,observed,,False,,,True,"{""pertpy"": ""1.1.1"", ""rapids-singlecell"": ""0.16.1""}"
distance,pertpy,seeded grouped Gaussian data,deterministic,mse.pairwise.max_rel_error,3.9274699615782152e-16,observed,,False,,,True,"{""pertpy"": ""1.1.1"", ""rapids-singlecell"": ""0.16.1""}"
distance,pertpy,seeded grouped Gaussian data,deterministic,pearson_distance.pairwise.allclose_excess,5.164189261528852e-11,observed,,False,,,True,"{""pertpy"": ""1.1.1"", ""rapids-singlecell"": ""0.16.1""}"
distance,pertpy,seeded grouped Gaussian data,deterministic,pearson_distance.pairwise.allclose_worst_magnitude,1.2889097632565965,observed,,False,,,True,"{""pertpy"": ""1.1.1"", ""rapids-singlecell"": ""0.16.1""}"
distance,pertpy,seeded grouped Gaussian data,deterministic,pearson_distance.pairwise.allclose_violating_fraction,0.0,observed,,False,,,True,"{""pertpy"": ""1.1.1"", ""rapids-singlecell"": ""0.16.1""}"
distance,pertpy,seeded grouped Gaussian data,deterministic,pearson_distance.pairwise.max_abs_error,6.661338147750939e-16,observed,,False,,,True,"{""pertpy"": ""1.1.1"", ""rapids-singlecell"": ""0.16.1""}"
distance,pertpy,seeded grouped Gaussian data,deterministic,pearson_distance.pairwise.max_rel_error,4.1345510771372807e-16,observed,,False,,,True,"{""pertpy"": ""1.1.1"", ""rapids-singlecell"": ""0.16.1""}"
distance,pertpy,seeded grouped Gaussian data,deterministic,r2_distance.pairwise.allclose_excess,2.349079547020483e-10,observed,,False,,,True,"{""pertpy"": ""1.1.1"", ""rapids-singlecell"": ""0.16.1""}"
distance,pertpy,seeded grouped Gaussian data,deterministic,r2_distance.pairwise.allclose_worst_magnitude,11.341890718537007,observed,,False,,,True,"{""pertpy"": ""1.1.1"", ""rapids-singlecell"": ""0.16.1""}"
distance,pertpy,seeded grouped Gaussian data,deterministic,r2_distance.pairwise.allclose_violating_fraction,0.0,observed,,False,,,True,"{""pertpy"": ""1.1.1"", ""rapids-singlecell"": ""0.16.1""}"
distance,pertpy,seeded grouped Gaussian data,deterministic,r2_distance.pairwise.max_abs_error,7.105427357601002e-14,observed,,False,,,True,"{""pertpy"": ""1.1.1"", ""rapids-singlecell"": ""0.16.1""}"
distance,pertpy,seeded grouped Gaussian data,deterministic,r2_distance.pairwise.max_rel_error,5.888136015378783e-16,observed,,False,,,True,"{""pertpy"": ""1.1.1"", ""rapids-singlecell"": ""0.16.1""}"
distance,pertpy,seeded grouped Gaussian data,deterministic,root_mean_squared_error.pairwise.allclose_excess,1.5800423123490845e-10,observed,,False,,,True,"{""pertpy"": ""1.1.1"", ""rapids-singlecell"": ""0.16.1""}"
distance,pertpy,seeded grouped Gaussian data,deterministic,root_mean_squared_error.pairwise.allclose_worst_magnitude,1.8259003566960577,observed,,False,,,True,"{""pertpy"": ""1.1.1"", ""rapids-singlecell"": ""0.16.1""}"
distance,pertpy,seeded grouped Gaussian data,deterministic,root_mean_squared_error.pairwise.allclose_violating_fraction,0.0,observed,,False,,,True,"{""pertpy"": ""1.1.1"", ""rapids-singlecell"": ""0.16.1""}"
distance,pertpy,seeded grouped Gaussian data,deterministic,root_mean_squared_error.pairwise.max_abs_error,2.886579864025407e-15,observed,,False,,,True,"{""pertpy"": ""1.1.1"", ""rapids-singlecell"": ""0.16.1""}"
distance,pertpy,seeded grouped Gaussian data,deterministic,root_mean_squared_error.pairwise.max_rel_error,5.54114203405482e-16,observed,,False,,,True,"{""pertpy"": ""1.1.1"", ""rapids-singlecell"": ""0.16.1""}"
distance,pertpy,seeded grouped Gaussian data,deterministic,wasserstein.pairwise.allclose_excess,0.9856603021682188,observed,,False,,,True,"{""pertpy"": ""1.1.1"", ""rapids-singlecell"": ""0.16.1""}"
distance,pertpy,seeded grouped Gaussian data,deterministic,wasserstein.pairwise.allclose_worst_magnitude,15.181112412251123,observed,,False,,,True,"{""pertpy"": ""1.1.1"", ""rapids-singlecell"": ""0.16.1""}"
distance,pertpy,seeded grouped Gaussian data,deterministic,wasserstein.pairwise.allclose_violating_fraction,0.0,observed,,False,,,True,"{""pertpy"": ""1.1.1"", ""rapids-singlecell"": ""0.16.1""}"
distance,pertpy,seeded grouped Gaussian data,deterministic,wasserstein.pairwise.max_abs_error,0.00014964405507811307,observed,,False,,,True,"{""pertpy"": ""1.1.1"", ""rapids-singlecell"": ""0.16.1""}"
distance,pertpy,seeded grouped Gaussian data,deterministic,wasserstein.pairwise.max_rel_error,3.640566255292109e-06,observed,,False,,,True,"{""pertpy"": ""1.1.1"", ""rapids-singlecell"": ""0.16.1""}"
distance,pertpy,seeded grouped Gaussian data,deterministic,cosine_distance.pairwise.pearson_correlation,1.0,>=,0.9999,True,,,True,"{""pertpy"": ""1.1.1"", ""rapids-singlecell"": ""0.16.1""}"
distance,pertpy,seeded grouped Gaussian data,deterministic,edistance.pairwise.pearson_correlation,0.9999999999999999,>=,0.9999,True,,,True,"{""pertpy"": ""1.1.1"", ""rapids-singlecell"": ""0.16.1""}"
distance,pertpy,seeded grouped Gaussian data,deterministic,euclidean.pairwise.pearson_correlation,0.9999999999999999,>=,0.9999,True,,,True,"{""pertpy"": ""1.1.1"", ""rapids-singlecell"": ""0.16.1""}"
distance,pertpy,seeded grouped Gaussian data,deterministic,mean_absolute_error.pairwise.pearson_correlation,1.0,>=,0.9999,True,,,True,"{""pertpy"": ""1.1.1"", ""rapids-singlecell"": ""0.16.1""}"
distance,pertpy,seeded grouped Gaussian data,deterministic,mse.pairwise.pearson_correlation,1.0,>=,0.9999,True,,,True,"{""pertpy"": ""1.1.1"", ""rapids-singlecell"": ""0.16.1""}"
distance,pertpy,seeded grouped Gaussian data,deterministic,pearson_distance.pairwise.pearson_correlation,1.0,>=,0.9999,True,,,True,"{""pertpy"": ""1.1.1"", ""rapids-singlecell"": ""0.16.1""}"
distance,pertpy,seeded grouped Gaussian data,deterministic,r2_distance.pairwise.pearson_correlation,0.9999999999999997,>=,0.9999,True,,,True,"{""pertpy"": ""1.1.1"", ""rapids-singlecell"": ""0.16.1""}"
distance,pertpy,seeded grouped Gaussian data,deterministic,root_mean_squared_error.pairwise.pearson_correlation,0.9999999999999999,>=,0.9999,True,,,True,"{""pertpy"": ""1.1.1"", ""rapids-singlecell"": ""0.16.1""}"
distance,pertpy,seeded grouped Gaussian data,deterministic,wasserstein.pairwise.pearson_correlation,0.9999999999897758,>=,0.9999,True,,,True,"{""pertpy"": ""1.1.1"", ""rapids-singlecell"": ""0.16.1""}"
embeddings_extended,scanpy,scanpy.datasets.pbmc68k_reduced,stochastic,tsne.cpu.trustworthiness,0.9422311317436871,>=,0.9,True,,,True,"{""rapids-singlecell"": ""0.16.1"", ""scanpy"": ""1.12.3""}"
embeddings_extended,scanpy,scanpy.datasets.pbmc68k_reduced,stochastic,tsne.gpu.trustworthiness,0.9231133150453682,>=,0.9,True,,,True,"{""rapids-singlecell"": ""0.16.1"", ""scanpy"": ""1.12.3""}"
embeddings_extended,scanpy,scanpy.datasets.pbmc68k_reduced,stochastic,tsne.cross_embedding_knn_overlap,0.4790476190476191,>=,0.45,True,,,True,"{""rapids-singlecell"": ""0.16.1"", ""scanpy"": ""1.12.3""}"
embeddings_extended,scanpy,scanpy.datasets.pbmc68k_reduced,stochastic,diffmap.minimum_component_abs_correlation,0.9999999999987516,>=,0.95,True,,,True,"{""rapids-singlecell"": ""0.16.1"", ""scanpy"": ""1.12.3""}"
embeddings_extended,scanpy,scanpy.datasets.pbmc68k_reduced,stochastic,draw_graph.cross_embedding_knn_overlap,0.6137142857142858,>=,0.6,True,,,True,"{""rapids-singlecell"": ""0.16.1"", ""scanpy"": ""1.12.3""}"
embeddings_extended,scanpy,scanpy.datasets.pbmc68k_reduced,stochastic,embedding_density.pearson_correlation,0.9999999999999999,>=,0.999,True,,,True,"{""rapids-singlecell"": ""0.16.1"", ""scanpy"": ""1.12.3""}"
guide_assignment,pertpy,seeded Poisson guide-count mixture,near-deterministic,assign_by_threshold.exact_agreement,1.0,>=,1.0,True,,,True,"{""pertpy"": ""1.1.1"", ""rapids-singlecell"": ""0.16.1""}"
guide_assignment,pertpy,seeded Poisson guide-count mixture,near-deterministic,assign_to_max_guide.exact_agreement,1.0,>=,1.0,True,,,True,"{""pertpy"": ""1.1.1"", ""rapids-singlecell"": ""0.16.1""}"
guide_assignment,pertpy,seeded Poisson guide-count mixture,near-deterministic,assign_mixture_model.exact_agreement,1.0,>=,0.9,True,,,True,"{""pertpy"": ""1.1.1"", ""rapids-singlecell"": ""0.16.1""}"
ingest_cell_cycle,scanpy,scanpy.datasets.pbmc68k_reduced,near-deterministic,ingest.label.exact_agreement,0.9914285714285714,>=,0.98,True,,,True,"{""rapids-singlecell"": ""0.16.1"", ""scanpy"": ""1.12.3""}"
ingest_cell_cycle,scanpy,scanpy.datasets.pbmc68k_reduced,near-deterministic,ingest.pca.pearson_correlation,1.0,>=,0.999,True,,,True,"{""rapids-singlecell"": ""0.16.1"", ""scanpy"": ""1.12.3""}"
ingest_cell_cycle,scanpy,scanpy.datasets.pbmc68k_reduced,near-deterministic,ingest.umap.cross_embedding_knn_overlap,0.5276190476190475,>=,0.45,True,,,True,"{""rapids-singlecell"": ""0.16.1"", ""scanpy"": ""1.12.3""}"
ingest_cell_cycle,scanpy,scanpy.datasets.pbmc68k_reduced,near-deterministic,score_genes_cell_cycle.S.pearson_correlation,1.0,>=,0.999,True,,,True,"{""rapids-singlecell"": ""0.16.1"", ""scanpy"": ""1.12.3""}"
ingest_cell_cycle,scanpy,scanpy.datasets.pbmc68k_reduced,near-deterministic,score_genes_cell_cycle.G2M.pearson_correlation,0.9999999999999999,>=,0.999,True,,,True,"{""rapids-singlecell"": ""0.16.1"", ""scanpy"": ""1.12.3""}"
ingest_cell_cycle,scanpy,scanpy.datasets.pbmc68k_reduced,near-deterministic,score_genes_cell_cycle.phase.exact_agreement,1.0,>=,0.99,True,,,True,"{""rapids-singlecell"": ""0.16.1"", ""scanpy"": ""1.12.3""}"
ligrec,squidpy,scanpy.datasets.paul15,stochastic,means.allclose_excess,0.04726065326546333,observed,,False,,,True,"{""rapids-singlecell"": ""0.16.1"", ""squidpy"": ""1.8.3""}"
ligrec,squidpy,scanpy.datasets.paul15,stochastic,means.allclose_worst_magnitude,0.3191849910470128,observed,,False,,,True,"{""rapids-singlecell"": ""0.16.1"", ""squidpy"": ""1.8.3""}"
ligrec,squidpy,scanpy.datasets.paul15,stochastic,means.allclose_violating_fraction,0.0,observed,,False,,,True,"{""rapids-singlecell"": ""0.16.1"", ""squidpy"": ""1.8.3""}"
ligrec,squidpy,scanpy.datasets.paul15,stochastic,means.max_abs_error,4.571602945091513e-07,observed,,False,,,True,"{""rapids-singlecell"": ""0.16.1"", ""squidpy"": ""1.8.3""}"
ligrec,squidpy,scanpy.datasets.paul15,stochastic,means.max_rel_error,2.464009575833207e-07,observed,,False,,,True,"{""rapids-singlecell"": ""0.16.1"", ""squidpy"": ""1.8.3""}"
ligrec,squidpy,scanpy.datasets.paul15,stochastic,pvalues.nan_mask_agreement,1.0,>=,1.0,True,,,True,"{""rapids-singlecell"": ""0.16.1"", ""squidpy"": ""1.8.3""}"
ligrec,squidpy,scanpy.datasets.paul15,stochastic,pvalues.mean_abs_error,0.01443877577757444,<=,0.05,True,,,True,"{""rapids-singlecell"": ""0.16.1"", ""squidpy"": ""1.8.3""}"
ligrec,squidpy,scanpy.datasets.paul15,stochastic,pvalues.pearson_correlation,0.9982074498696518,>=,0.9,True,,,True,"{""rapids-singlecell"": ""0.16.1"", ""squidpy"": ""1.8.3""}"
mixscale,pertpy,seeded synthetic perturbation screen,deterministic,mixscale.score.allclose_excess,0.005194825859594137,observed,,False,,,True,"{""pertpy"": ""1.1.1"", ""rapids-singlecell"": ""0.16.1""}"
mixscale,pertpy,seeded synthetic perturbation screen,deterministic,mixscale.score.allclose_worst_magnitude,17.16542905338719,observed,,False,,,True,"{""pertpy"": ""1.1.1"", ""rapids-singlecell"": ""0.16.1""}"
mixscale,pertpy,seeded synthetic perturbation screen,deterministic,mixscale.score.allclose_violating_fraction,0.0,observed,,False,,,True,"{""pertpy"": ""1.1.1"", ""rapids-singlecell"": ""0.16.1""}"
mixscale,pertpy,seeded synthetic perturbation screen,deterministic,mixscale.score.max_abs_error,8.917660956342388e-07,observed,,False,,,True,"{""pertpy"": ""1.1.1"", ""rapids-singlecell"": ""0.16.1""}"
mixscale,pertpy,seeded synthetic perturbation screen,deterministic,mixscale.score.max_rel_error,4.829220341703518e-08,observed,,False,,,True,"{""pertpy"": ""1.1.1"", ""rapids-singlecell"": ""0.16.1""}"
mixscale,pertpy,seeded synthetic perturbation screen,deterministic,mixscale.score.pearson_correlation,0.9999999999999993,>=,0.9999,True,,,True,"{""pertpy"": ""1.1.1"", ""rapids-singlecell"": ""0.16.1""}"
mixscape,pertpy,seeded synthetic perturbation screen,near-deterministic,perturbation_signature.allclose_excess,2.6862685401995385,observed,,False,,,True,"{""pertpy"": ""1.1.1"", ""rapids-singlecell"": ""0.16.1""}"
mixscape,pertpy,seeded synthetic perturbation screen,near-deterministic,perturbation_signature.allclose_worst_magnitude,0.007407414261251688,observed,,False,,,True,"{""pertpy"": ""1.1.1"", ""rapids-singlecell"": ""0.16.1""}"
mixscape,pertpy,seeded synthetic perturbation screen,near-deterministic,perturbation_signature.allclose_violating_fraction,0.01,observed,,False,,,True,"{""pertpy"": ""1.1.1"", ""rapids-singlecell"": ""0.16.1""}"
mixscape,pertpy,seeded synthetic perturbation screen,near-deterministic,perturbation_signature.max_abs_error,3.5762786865234375e-07,observed,,False,,,True,"{""pertpy"": ""1.1.1"", ""rapids-singlecell"": ""0.16.1""}"
mixscape,pertpy,seeded synthetic perturbation screen,near-deterministic,perturbation_signature.max_rel_error,7.07698056378058e-08,observed,,False,,,True,"{""pertpy"": ""1.1.1"", ""rapids-singlecell"": ""0.16.1""}"
mixscape,pertpy,seeded synthetic perturbation screen,near-deterministic,perturbation_signature.pearson_correlation,0.9999999999999971,>=,0.999,True,,,True,"{""pertpy"": ""1.1.1"", ""rapids-singlecell"": ""0.16.1""}"
mixscape,pertpy,seeded synthetic perturbation screen,near-deterministic,mixscape.global_class.exact_agreement,1.0,>=,0.95,True,,,True,"{""pertpy"": ""1.1.1"", ""rapids-singlecell"": ""0.16.1""}"
mixscape,pertpy,seeded synthetic perturbation screen,near-deterministic,mixscape.p_ko.pearson_correlation,0.9999999999999999,>=,0.95,True,,,True,"{""pertpy"": ""1.1.1"", ""rapids-singlecell"": ""0.16.1""}"
mixscape,pertpy,seeded synthetic perturbation screen,near-deterministic,mixscape.lda.lda_abs_correlation,0.9999999999999954,>=,0.95,True,,,True,"{""pertpy"": ""1.1.1"", ""rapids-singlecell"": ""0.16.1""}"
rank_genes_groups,scanpy,scanpy.datasets.pbmc68k_reduced,near-deterministic,logreg.CD14+ Monocyte.score.pearson_correlation,0.9969856839557061,>=,0.98,True,,,True,"{""rapids-singlecell"": ""0.16.1"", ""scanpy"": ""1.12.3""}"
rank_genes_groups,scanpy,scanpy.datasets.pbmc68k_reduced,near-deterministic,logreg.CD19+ B.score.pearson_correlation,0.9931838761275241,>=,0.98,True,,,True,"{""rapids-singlecell"": ""0.16.1"", ""scanpy"": ""1.12.3""}"
rank_genes_groups,scanpy,scanpy.datasets.pbmc68k_reduced,near-deterministic,logreg.CD34+.score.pearson_correlation,0.9891495351966094,>=,0.98,True,,,True,"{""rapids-singlecell"": ""0.16.1"", ""scanpy"": ""1.12.3""}"
rank_genes_groups,scanpy,scanpy.datasets.pbmc68k_reduced,near-deterministic,logreg.CD56+ NK.score.pearson_correlation,0.997618759647884,>=,0.98,True,,,True,"{""rapids-singlecell"": ""0.16.1"", ""scanpy"": ""1.12.3""}"
rank_genes_groups,scanpy,scanpy.datasets.pbmc68k_reduced,near-deterministic,logreg.CD8+ Cytotoxic T.score.pearson_correlation,0.9954014596899088,>=,0.98,True,,,True,"{""rapids-singlecell"": ""0.16.1"", ""scanpy"": ""1.12.3""}"
rank_genes_groups,scanpy,scanpy.datasets.pbmc68k_reduced,near-deterministic,logreg.Dendritic.score.pearson_correlation,0.995349213614133,>=,0.98,True,,,True,"{""rapids-singlecell"": ""0.16.1"", ""scanpy"": ""1.12.3""}"
rank_genes_groups,scanpy,scanpy.datasets.pbmc68k_reduced,near-deterministic,t-test.CD14+ Monocyte.score.pearson_correlation,0.9999999999999998,>=,0.98,True,,,True,"{""rapids-singlecell"": ""0.16.1"", ""scanpy"": ""1.12.3""}"
rank_genes_groups,scanpy,scanpy.datasets.pbmc68k_reduced,near-deterministic,t-test.CD19+ B.score.pearson_correlation,0.9999999999999998,>=,0.98,True,,,True,"{""rapids-singlecell"": ""0.16.1"", ""scanpy"": ""1.12.3""}"
rank_genes_groups,scanpy,scanpy.datasets.pbmc68k_reduced,near-deterministic,t-test.CD34+.score.pearson_correlation,0.9999999999999999,>=,0.98,True,,,True,"{""rapids-singlecell"": ""0.16.1"", ""scanpy"": ""1.12.3""}"
rank_genes_groups,scanpy,scanpy.datasets.pbmc68k_reduced,near-deterministic,t-test.CD56+ NK.score.pearson_correlation,1.0,>=,0.98,True,,,True,"{""rapids-singlecell"": ""0.16.1"", ""scanpy"": ""1.12.3""}"
rank_genes_groups,scanpy,scanpy.datasets.pbmc68k_reduced,near-deterministic,t-test.CD8+ Cytotoxic T.score.pearson_correlation,1.0,>=,0.98,True,,,True,"{""rapids-singlecell"": ""0.16.1"", ""scanpy"": ""1.12.3""}"
rank_genes_groups,scanpy,scanpy.datasets.pbmc68k_reduced,near-deterministic,t-test.Dendritic.score.pearson_correlation,0.9999999999999999,>=,0.98,True,,,True,"{""rapids-singlecell"": ""0.16.1"", ""scanpy"": ""1.12.3""}"
rank_genes_groups,scanpy,scanpy.datasets.pbmc68k_reduced,near-deterministic,wilcoxon.CD14+ Monocyte.score.pearson_correlation,1.0,>=,0.98,True,,,True,"{""rapids-singlecell"": ""0.16.1"", ""scanpy"": ""1.12.3""}"
rank_genes_groups,scanpy,scanpy.datasets.pbmc68k_reduced,near-deterministic,wilcoxon.CD19+ B.score.pearson_correlation,1.0,>=,0.98,True,,,True,"{""rapids-singlecell"": ""0.16.1"", ""scanpy"": ""1.12.3""}"
rank_genes_groups,scanpy,scanpy.datasets.pbmc68k_reduced,near-deterministic,wilcoxon.CD34+.score.pearson_correlation,1.0,>=,0.98,True,,,True,"{""rapids-singlecell"": ""0.16.1"", ""scanpy"": ""1.12.3""}"
rank_genes_groups,scanpy,scanpy.datasets.pbmc68k_reduced,near-deterministic,wilcoxon.CD56+ NK.score.pearson_correlation,0.9999999999999999,>=,0.98,True,,,True,"{""rapids-singlecell"": ""0.16.1"", ""scanpy"": ""1.12.3""}"
rank_genes_groups,scanpy,scanpy.datasets.pbmc68k_reduced,near-deterministic,wilcoxon.CD8+ Cytotoxic T.score.pearson_correlation,1.0,>=,0.98,True,,,True,"{""rapids-singlecell"": ""0.16.1"", ""scanpy"": ""1.12.3""}"
rank_genes_groups,scanpy,scanpy.datasets.pbmc68k_reduced,near-deterministic,wilcoxon.Dendritic.score.pearson_correlation,0.9999999999999998,>=,0.98,True,,,True,"{""rapids-singlecell"": ""0.16.1"", ""scanpy"": ""1.12.3""}"
rank_genes_groups,scanpy,scanpy.datasets.pbmc68k_reduced,near-deterministic,logreg.CD14+ Monocyte.markers.set_jaccard,0.9607843137254902,>=,0.85,True,,,True,"{""rapids-singlecell"": ""0.16.1"", ""scanpy"": ""1.12.3""}"
rank_genes_groups,scanpy,scanpy.datasets.pbmc68k_reduced,near-deterministic,logreg.CD19+ B.markers.set_jaccard,0.8867924528301887,>=,0.85,True,,,True,"{""rapids-singlecell"": ""0.16.1"", ""scanpy"": ""1.12.3""}"
rank_genes_groups,scanpy,scanpy.datasets.pbmc68k_reduced,near-deterministic,logreg.CD34+.markers.set_jaccard,0.8867924528301887,>=,0.85,True,,,True,"{""rapids-singlecell"": ""0.16.1"", ""scanpy"": ""1.12.3""}"
rank_genes_groups,scanpy,scanpy.datasets.pbmc68k_reduced,near-deterministic,logreg.CD56+ NK.markers.set_jaccard,0.8867924528301887,>=,0.85,True,,,True,"{""rapids-singlecell"": ""0.16.1"", ""scanpy"": ""1.12.3""}"
rank_genes_groups,scanpy,scanpy.datasets.pbmc68k_reduced,near-deterministic,logreg.CD8+ Cytotoxic T.markers.set_jaccard,0.8518518518518519,>=,0.85,True,,,True,"{""rapids-singlecell"": ""0.16.1"", ""scanpy"": ""1.12.3""}"
rank_genes_groups,scanpy,scanpy.datasets.pbmc68k_reduced,near-deterministic,logreg.Dendritic.markers.set_jaccard,0.9230769230769231,>=,0.85,True,,,True,"{""rapids-singlecell"": ""0.16.1"", ""scanpy"": ""1.12.3""}"
rank_genes_groups,scanpy,scanpy.datasets.pbmc68k_reduced,near-deterministic,t-test.CD14+ Monocyte.markers.set_jaccard,1.0,>=,0.85,True,,,True,"{""rapids-singlecell"": ""0.16.1"", ""scanpy"": ""1.12.3""}"
rank_genes_groups,scanpy,scanpy.datasets.pbmc68k_reduced,near-deterministic,t-test.CD19+ B.markers.set_jaccard,1.0,>=,0.85,True,,,True,"{""rapids-singlecell"": ""0.16.1"", ""scanpy"": ""1.12.3""}"
rank_genes_groups,scanpy,scanpy.datasets.pbmc68k_reduced,near-deterministic,t-test.CD34+.markers.set_jaccard,1.0,>=,0.85,True,,,True,"{""rapids-singlecell"": ""0.16.1"", ""scanpy"": ""1.12.3""}"
rank_genes_groups,scanpy,scanpy.datasets.pbmc68k_reduced,near-deterministic,t-test.CD56+ NK.markers.set_jaccard,1.0,>=,0.85,True,,,True,"{""rapids-singlecell"": ""0.16.1"", ""scanpy"": ""1.12.3""}"
rank_genes_groups,scanpy,scanpy.datasets.pbmc68k_reduced,near-deterministic,t-test.CD8+ Cytotoxic T.markers.set_jaccard,1.0,>=,0.85,True,,,True,"{""rapids-singlecell"": ""0.16.1"", ""scanpy"": ""1.12.3""}"
rank_genes_groups,scanpy,scanpy.datasets.pbmc68k_reduced,near-deterministic,t-test.Dendritic.markers.set_jaccard,1.0,>=,0.85,True,,,True,"{""rapids-singlecell"": ""0.16.1"", ""scanpy"": ""1.12.3""}"
rank_genes_groups,scanpy,scanpy.datasets.pbmc68k_reduced,near-deterministic,wilcoxon.CD14+ Monocyte.markers.set_jaccard,1.0,>=,0.85,True,,,True,"{""rapids-singlecell"": ""0.16.1"", ""scanpy"": ""1.12.3""}"
rank_genes_groups,scanpy,scanpy.datasets.pbmc68k_reduced,near-deterministic,wilcoxon.CD19+ B.markers.set_jaccard,1.0,>=,0.85,True,,,True,"{""rapids-singlecell"": ""0.16.1"", ""scanpy"": ""1.12.3""}"
rank_genes_groups,scanpy,scanpy.datasets.pbmc68k_reduced,near-deterministic,wilcoxon.CD34+.markers.set_jaccard,1.0,>=,0.85,True,,,True,"{""rapids-singlecell"": ""0.16.1"", ""scanpy"": ""1.12.3""}"
rank_genes_groups,scanpy,scanpy.datasets.pbmc68k_reduced,near-deterministic,wilcoxon.CD56+ NK.markers.set_jaccard,1.0,>=,0.85,True,,,True,"{""rapids-singlecell"": ""0.16.1"", ""scanpy"": ""1.12.3""}"
rank_genes_groups,scanpy,scanpy.datasets.pbmc68k_reduced,near-deterministic,wilcoxon.CD8+ Cytotoxic T.markers.set_jaccard,1.0,>=,0.85,True,,,True,"{""rapids-singlecell"": ""0.16.1"", ""scanpy"": ""1.12.3""}"
rank_genes_groups,scanpy,scanpy.datasets.pbmc68k_reduced,near-deterministic,wilcoxon.Dendritic.markers.set_jaccard,1.0,>=,0.85,True,,,True,"{""rapids-singlecell"": ""0.16.1"", ""scanpy"": ""1.12.3""}"
scanpy_core_graphs_embeddings,scanpy,pbmc68k_reduced,stochastic,umap.cpu_reseeded_knn_overlap,0.5546666666666666,observed,,False,,,True,"{""rapids-singlecell"": ""0.16.1"", ""scanpy"": ""1.12.3""}"
scanpy_core_graphs_embeddings,scanpy,pbmc68k_reduced,stochastic,umap.cross_embedding_overlap_vs_cpu_baseline,0.033809523809523845,observed,,False,,,True,"{""rapids-singlecell"": ""0.16.1"", ""scanpy"": ""1.12.3""}"
scanpy_core_graphs_embeddings,scanpy,pbmc68k_reduced,stochastic,neighbors.distance.graph_jaccard,1.0,>=,0.9,True,,,True,"{""rapids-singlecell"": ""0.16.1"", ""scanpy"": ""1.12.3""}"
scanpy_core_graphs_embeddings,scanpy,pbmc68k_reduced,stochastic,neighbors.connectivity.graph_jaccard,1.0,>=,0.85,True,,,True,"{""rapids-singlecell"": ""0.16.1"", ""scanpy"": ""1.12.3""}"
scanpy_core_graphs_embeddings,scanpy,pbmc68k_reduced,stochastic,umap.cross_embedding_knn_overlap,0.5884761904761905,>=,0.65,True,,"UMAP is stochastic, and this threshold asks for more agreement than the CPU reference shows against itself. On this dataset the GPU embedding is closer to the CPU one than a reseeded CPU run is, and the criterion still fails.",False,"{""rapids-singlecell"": ""0.16.1"", ""scanpy"": ""1.12.3""}"
scanpy_core_graphs_embeddings,scanpy,pbmc68k_reduced,stochastic,leiden.adjusted_rand_index,0.9884714771126899,>=,0.9,True,,,True,"{""rapids-singlecell"": ""0.16.1"", ""scanpy"": ""1.12.3""}"
scanpy_core_graphs_embeddings,scanpy,pbmc68k_reduced,stochastic,leiden.normalized_mutual_information,0.9850950761538652,>=,0.9,True,,,True,"{""rapids-singlecell"": ""0.16.1"", ""scanpy"": ""1.12.3""}"
scanpy_core_harmony,harmonypy,"Harmonypy PBMC 3,500-cell donor benchmark",iterative,harmony.minimum_component_abs_correlation,0.9986045394436173,>,0.95,True,"Manuscript Methods, Batch correction with Harmony: the implementation maintains a Pearson correlation of >95% for all corrected principal components.",,True,"{""harmonypy"": ""0.2.0"", ""rapids-singlecell"": ""0.16.1""}"
scanpy_core_harmony,harmonypy,"Harmonypy PBMC 3,500-cell donor benchmark",iterative,harmony.mean_component_abs_correlation,0.9993025569248625,>=,0.98,True,,,True,"{""harmonypy"": ""0.2.0"", ""rapids-singlecell"": ""0.16.1""}"
scanpy_core_harmony,harmonypy,"Harmonypy PBMC 3,500-cell donor benchmark",iterative,harmony.standard_deviation_max_abs_error,0.0076682264463885375,<=,0.1,True,,,True,"{""harmonypy"": ""0.2.0"", ""rapids-singlecell"": ""0.16.1""}"
scanpy_core_hvg_pca,scanpy,pbmc3k,deterministic,highly_variable_genes.seurat.selection.set_jaccard,1.0,>=,0.99,True,,,True,"{""rapids-singlecell"": ""0.16.1"", ""scanpy"": ""1.12.3""}"
scanpy_core_hvg_pca,scanpy,pbmc3k,deterministic,highly_variable_genes.seurat.means.allclose_excess,0.005618295065780779,<=,1.0,True,"Manuscript Methods: deterministic operations are validated with numpy.allclose at default parameters (rtol=1e-5, atol=1e-8).",,True,"{""rapids-singlecell"": ""0.16.1"", ""scanpy"": ""1.12.3""}"
scanpy_core_hvg_pca,scanpy,pbmc3k,deterministic,highly_variable_genes.seurat.means.allclose_worst_magnitude,0.0025274158519595796,observed,,False,,,True,"{""rapids-singlecell"": ""0.16.1"", ""scanpy"": ""1.12.3""}"
scanpy_core_hvg_pca,scanpy,pbmc3k,deterministic,highly_variable_genes.seurat.means.allclose_violating_fraction,0.0,observed,,False,,,True,"{""rapids-singlecell"": ""0.16.1"", ""scanpy"": ""1.12.3""}"
scanpy_core_hvg_pca,scanpy,pbmc3k,deterministic,highly_variable_genes.seurat.means.max_abs_error,1.3194125125792766e-08,observed,,False,,,True,"{""rapids-singlecell"": ""0.16.1"", ""scanpy"": ""1.12.3""}"
scanpy_core_hvg_pca,scanpy,pbmc3k,deterministic,highly_variable_genes.seurat.means.max_rel_error,2.3389193182207526e-09,observed,,False,,,True,"{""rapids-singlecell"": ""0.16.1"", ""scanpy"": ""1.12.3""}"
scanpy_core_hvg_pca,scanpy,pbmc3k,deterministic,highly_variable_genes.seurat.dispersions.allclose_excess,0.03754611776462212,<=,1.0,True,"Manuscript Methods: deterministic operations are validated with numpy.allclose at default parameters (rtol=1e-5, atol=1e-8).",,True,"{""rapids-singlecell"": ""0.16.1"", ""scanpy"": ""1.12.3""}"
scanpy_core_hvg_pca,scanpy,pbmc3k,deterministic,highly_variable_genes.seurat.dispersions.allclose_worst_magnitude,0.02514912273040236,observed,,False,,,True,"{""rapids-singlecell"": ""0.16.1"", ""scanpy"": ""1.12.3""}"
scanpy_core_hvg_pca,scanpy,pbmc3k,deterministic,highly_variable_genes.seurat.dispersions.allclose_violating_fraction,0.0,observed,,False,,,True,"{""rapids-singlecell"": ""0.16.1"", ""scanpy"": ""1.12.3""}"
scanpy_core_hvg_pca,scanpy,pbmc3k,deterministic,highly_variable_genes.seurat.dispersions.max_abs_error,1.9906220849463807e-07,observed,,False,,,True,"{""rapids-singlecell"": ""0.16.1"", ""scanpy"": ""1.12.3""}"
scanpy_core_hvg_pca,scanpy,pbmc3k,deterministic,highly_variable_genes.seurat.dispersions.max_rel_error,3.170862049020934e-08,observed,,False,,,True,"{""rapids-singlecell"": ""0.16.1"", ""scanpy"": ""1.12.3""}"
scanpy_core_hvg_pca,scanpy,pbmc3k,deterministic,highly_variable_genes.seurat.dispersions_norm.allclose_excess,3.4642373588240267,<=,1.0,True,"Manuscript Methods: deterministic operations are validated with numpy.allclose at default parameters (rtol=1e-5, atol=1e-8).","numpy.allclose has two terms, atol + rtol * |b|, and which one binds depends on the magnitude of the element that fails. Where a quantity passes through zero the absolute floor binds, and at float32 precision no implementation can satisfy it there. See NUMERICAL_VALIDATION.md for the per-comparison split between that case and a genuine relative disagreement.",False,"{""rapids-singlecell"": ""0.16.1"", ""scanpy"": ""1.12.3""}"
scanpy_core_hvg_pca,scanpy,pbmc3k,deterministic,highly_variable_genes.seurat.dispersions_norm.allclose_worst_magnitude,0.0003215123724658042,observed,,False,,,True,"{""rapids-singlecell"": ""0.16.1"", ""scanpy"": ""1.12.3""}"
scanpy_core_hvg_pca,scanpy,pbmc3k,deterministic,highly_variable_genes.seurat.dispersions_norm.allclose_violating_fraction,0.0010208546011375237,observed,,False,,,True,"{""rapids-singlecell"": ""0.16.1"", ""scanpy"": ""1.12.3""}"
scanpy_core_hvg_pca,scanpy,pbmc3k,deterministic,highly_variable_genes.seurat.dispersions_norm.max_abs_error,4.76837158203125e-07,observed,,False,,,True,"{""rapids-singlecell"": ""0.16.1"", ""scanpy"": ""1.12.3""}"
scanpy_core_hvg_pca,scanpy,pbmc3k,deterministic,highly_variable_genes.seurat.dispersions_norm.max_rel_error,5.963088956406957e-08,observed,,False,,,True,"{""rapids-singlecell"": ""0.16.1"", ""scanpy"": ""1.12.3""}"
scanpy_core_hvg_pca,scanpy,pbmc3k,deterministic,highly_variable_genes.cell_ranger.selection.set_jaccard,1.0,>=,0.99,True,,,True,"{""rapids-singlecell"": ""0.16.1"", ""scanpy"": ""1.12.3""}"
scanpy_core_hvg_pca,scanpy,pbmc3k,deterministic,highly_variable_genes.cell_ranger.means.allclose_excess,0.0,<=,1.0,True,"Manuscript Methods: deterministic operations are validated with numpy.allclose at default parameters (rtol=1e-5, atol=1e-8).",,True,"{""rapids-singlecell"": ""0.16.1"", ""scanpy"": ""1.12.3""}"
scanpy_core_hvg_pca,scanpy,pbmc3k,deterministic,highly_variable_genes.cell_ranger.means.allclose_worst_magnitude,0.005310698791786477,observed,,False,,,True,"{""rapids-singlecell"": ""0.16.1"", ""scanpy"": ""1.12.3""}"
scanpy_core_hvg_pca,scanpy,pbmc3k,deterministic,highly_variable_genes.cell_ranger.means.allclose_violating_fraction,0.0,observed,,False,,,True,"{""rapids-singlecell"": ""0.16.1"", ""scanpy"": ""1.12.3""}"
scanpy_core_hvg_pca,scanpy,pbmc3k,deterministic,highly_variable_genes.cell_ranger.means.max_abs_error,0.0,observed,,False,,,True,"{""rapids-singlecell"": ""0.16.1"", ""scanpy"": ""1.12.3""}"
scanpy_core_hvg_pca,scanpy,pbmc3k,deterministic,highly_variable_genes.cell_ranger.means.max_rel_error,0.0,observed,,False,,,True,"{""rapids-singlecell"": ""0.16.1"", ""scanpy"": ""1.12.3""}"
scanpy_core_hvg_pca,scanpy,pbmc3k,deterministic,highly_variable_genes.cell_ranger.dispersions.allclose_excess,0.00480886996087385,<=,1.0,True,"Manuscript Methods: deterministic operations are validated with numpy.allclose at default parameters (rtol=1e-5, atol=1e-8).",,True,"{""rapids-singlecell"": ""0.16.1"", ""scanpy"": ""1.12.3""}"
scanpy_core_hvg_pca,scanpy,pbmc3k,deterministic,highly_variable_genes.cell_ranger.dispersions.allclose_worst_magnitude,0.0578649308545811,observed,,False,,,True,"{""rapids-singlecell"": ""0.16.1"", ""scanpy"": ""1.12.3""}"
scanpy_core_hvg_pca,scanpy,pbmc3k,deterministic,highly_variable_genes.cell_ranger.dispersions.allclose_violating_fraction,0.0,observed,,False,,,True,"{""rapids-singlecell"": ""0.16.1"", ""scanpy"": ""1.12.3""}"
scanpy_core_hvg_pca,scanpy,pbmc3k,deterministic,highly_variable_genes.cell_ranger.dispersions.max_abs_error,8.710320242855119e-08,observed,,False,,,True,"{""rapids-singlecell"": ""0.16.1"", ""scanpy"": ""1.12.3""}"
scanpy_core_hvg_pca,scanpy,pbmc3k,deterministic,highly_variable_genes.cell_ranger.dispersions.max_rel_error,2.373998859428422e-08,observed,,False,,,True,"{""rapids-singlecell"": ""0.16.1"", ""scanpy"": ""1.12.3""}"
scanpy_core_hvg_pca,scanpy,pbmc3k,deterministic,highly_variable_genes.cell_ranger.dispersions_norm.allclose_excess,13.067910655350342,<=,1.0,True,"Manuscript Methods: deterministic operations are validated with numpy.allclose at default parameters (rtol=1e-5, atol=1e-8).","numpy.allclose has two terms, atol + rtol * |b|, and which one binds depends on the magnitude of the element that fails. Where a quantity passes through zero the absolute floor binds, and at float32 precision no implementation can satisfy it there. See NUMERICAL_VALIDATION.md for the per-comparison split between that case and a genuine relative disagreement.",False,"{""rapids-singlecell"": ""0.16.1"", ""scanpy"": ""1.12.3""}"
scanpy_core_hvg_pca,scanpy,pbmc3k,deterministic,highly_variable_genes.cell_ranger.dispersions_norm.allclose_worst_magnitude,0.001440925640054047,observed,,False,,,True,"{""rapids-singlecell"": ""0.16.1"", ""scanpy"": ""1.12.3""}"
scanpy_core_hvg_pca,scanpy,pbmc3k,deterministic,highly_variable_genes.cell_ranger.dispersions_norm.allclose_violating_fraction,0.007510573136940353,observed,,False,,,True,"{""rapids-singlecell"": ""0.16.1"", ""scanpy"": ""1.12.3""}"
scanpy_core_hvg_pca,scanpy,pbmc3k,deterministic,highly_variable_genes.cell_ranger.dispersions_norm.max_abs_error,4.76837158203125e-06,observed,,False,,,True,"{""rapids-singlecell"": ""0.16.1"", ""scanpy"": ""1.12.3""}"
scanpy_core_hvg_pca,scanpy,pbmc3k,deterministic,highly_variable_genes.cell_ranger.dispersions_norm.max_rel_error,1.3190117499677107e-07,observed,,False,,,True,"{""rapids-singlecell"": ""0.16.1"", ""scanpy"": ""1.12.3""}"
scanpy_core_hvg_pca,scanpy,pbmc3k,deterministic,highly_variable_genes.seurat_v3.selection.set_jaccard,1.0,>=,0.99,True,,,True,"{""rapids-singlecell"": ""0.16.1"", ""scanpy"": ""1.12.3""}"
scanpy_core_hvg_pca,scanpy,pbmc3k,deterministic,highly_variable_genes.seurat_v3.means.allclose_excess,0.0,<=,1.0,True,"Manuscript Methods: deterministic operations are validated with numpy.allclose at default parameters (rtol=1e-5, atol=1e-8).",,True,"{""rapids-singlecell"": ""0.16.1"", ""scanpy"": ""1.12.3""}"
scanpy_core_hvg_pca,scanpy,pbmc3k,deterministic,highly_variable_genes.seurat_v3.means.allclose_worst_magnitude,0.0033333333333333335,observed,,False,,,True,"{""rapids-singlecell"": ""0.16.1"", ""scanpy"": ""1.12.3""}"
scanpy_core_hvg_pca,scanpy,pbmc3k,deterministic,highly_variable_genes.seurat_v3.means.allclose_violating_fraction,0.0,observed,,False,,,True,"{""rapids-singlecell"": ""0.16.1"", ""scanpy"": ""1.12.3""}"
scanpy_core_hvg_pca,scanpy,pbmc3k,deterministic,highly_variable_genes.seurat_v3.means.max_abs_error,0.0,observed,,False,,,True,"{""rapids-singlecell"": ""0.16.1"", ""scanpy"": ""1.12.3""}"
scanpy_core_hvg_pca,scanpy,pbmc3k,deterministic,highly_variable_genes.seurat_v3.means.max_rel_error,0.0,observed,,False,,,True,"{""rapids-singlecell"": ""0.16.1"", ""scanpy"": ""1.12.3""}"
scanpy_core_hvg_pca,scanpy,pbmc3k,deterministic,highly_variable_genes.seurat_v3.variances.allclose_excess,5.869441789733153e-11,<=,1.0,True,"Manuscript Methods: deterministic operations are validated with numpy.allclose at default parameters (rtol=1e-5, atol=1e-8).",,True,"{""rapids-singlecell"": ""0.16.1"", ""scanpy"": ""1.12.3""}"
scanpy_core_hvg_pca,scanpy,pbmc3k,deterministic,highly_variable_genes.seurat_v3.variances.allclose_worst_magnitude,96.84537977028532,observed,,False,,,True,"{""rapids-singlecell"": ""0.16.1"", ""scanpy"": ""1.12.3""}"
scanpy_core_hvg_pca,scanpy,pbmc3k,deterministic,highly_variable_genes.seurat_v3.variances.allclose_violating_fraction,0.0,observed,,False,,,True,"{""rapids-singlecell"": ""0.16.1"", ""scanpy"": ""1.12.3""}"
scanpy_core_hvg_pca,scanpy,pbmc3k,deterministic,highly_variable_genes.seurat_v3.variances.max_abs_error,1.1368683772161603e-13,observed,,False,,,True,"{""rapids-singlecell"": ""0.16.1"", ""scanpy"": ""1.12.3""}"
scanpy_core_hvg_pca,scanpy,pbmc3k,deterministic,highly_variable_genes.seurat_v3.variances.max_rel_error,5.65975338020477e-17,observed,,False,,,True,"{""rapids-singlecell"": ""0.16.1"", ""scanpy"": ""1.12.3""}"
scanpy_core_hvg_pca,scanpy,pbmc3k,deterministic,highly_variable_genes.seurat_v3.variances_norm.allclose_excess,1.606808999787262e-08,<=,1.0,True,"Manuscript Methods: deterministic operations are validated with numpy.allclose at default parameters (rtol=1e-5, atol=1e-8).",,True,"{""rapids-singlecell"": ""0.16.1"", ""scanpy"": ""1.12.3""}"
scanpy_core_hvg_pca,scanpy,pbmc3k,deterministic,highly_variable_genes.seurat_v3.variances_norm.allclose_worst_magnitude,1.639312856605283,observed,,False,,,True,"{""rapids-singlecell"": ""0.16.1"", ""scanpy"": ""1.12.3""}"
scanpy_core_hvg_pca,scanpy,pbmc3k,deterministic,highly_variable_genes.seurat_v3.variances_norm.allclose_violating_fraction,0.0,observed,,False,,,True,"{""rapids-singlecell"": ""0.16.1"", ""scanpy"": ""1.12.3""}"
scanpy_core_hvg_pca,scanpy,pbmc3k,deterministic,highly_variable_genes.seurat_v3.variances_norm.max_abs_error,2.6356694604601216e-13,observed,,False,,,True,"{""rapids-singlecell"": ""0.16.1"", ""scanpy"": ""1.12.3""}"
scanpy_core_hvg_pca,scanpy,pbmc3k,deterministic,highly_variable_genes.seurat_v3.variances_norm.max_rel_error,2.3590126660149337e-14,observed,,False,,,True,"{""rapids-singlecell"": ""0.16.1"", ""scanpy"": ""1.12.3""}"
scanpy_core_hvg_pca,scanpy,pbmc3k,deterministic,highly_variable_genes.pearson_residuals.selection.set_jaccard,1.0,>=,0.99,True,,,True,"{""rapids-singlecell"": ""0.16.1"", ""scanpy"": ""1.12.3""}"
scanpy_core_hvg_pca,scanpy,pbmc3k,deterministic,highly_variable_genes.pearson_residuals.means.allclose_excess,0.0,<=,1.0,True,"Manuscript Methods: deterministic operations are validated with numpy.allclose at default parameters (rtol=1e-5, atol=1e-8).",,True,"{""rapids-singlecell"": ""0.16.1"", ""scanpy"": ""1.12.3""}"
scanpy_core_hvg_pca,scanpy,pbmc3k,deterministic,highly_variable_genes.pearson_residuals.means.allclose_worst_magnitude,0.0033333333333333335,observed,,False,,,True,"{""rapids-singlecell"": ""0.16.1"", ""scanpy"": ""1.12.3""}"
scanpy_core_hvg_pca,scanpy,pbmc3k,deterministic,highly_variable_genes.pearson_residuals.means.allclose_violating_fraction,0.0,observed,,False,,,True,"{""rapids-singlecell"": ""0.16.1"", ""scanpy"": ""1.12.3""}"
scanpy_core_hvg_pca,scanpy,pbmc3k,deterministic,highly_variable_genes.pearson_residuals.means.max_abs_error,0.0,observed,,False,,,True,"{""rapids-singlecell"": ""0.16.1"", ""scanpy"": ""1.12.3""}"
scanpy_core_hvg_pca,scanpy,pbmc3k,deterministic,highly_variable_genes.pearson_residuals.means.max_rel_error,0.0,observed,,False,,,True,"{""rapids-singlecell"": ""0.16.1"", ""scanpy"": ""1.12.3""}"
scanpy_core_hvg_pca,scanpy,pbmc3k,deterministic,highly_variable_genes.pearson_residuals.variances.allclose_excess,5.869441789733153e-11,<=,1.0,True,"Manuscript Methods: deterministic operations are validated with numpy.allclose at default parameters (rtol=1e-5, atol=1e-8).",,True,"{""rapids-singlecell"": ""0.16.1"", ""scanpy"": ""1.12.3""}"
scanpy_core_hvg_pca,scanpy,pbmc3k,deterministic,highly_variable_genes.pearson_residuals.variances.allclose_worst_magnitude,96.84537977028532,observed,,False,,,True,"{""rapids-singlecell"": ""0.16.1"", ""scanpy"": ""1.12.3""}"
scanpy_core_hvg_pca,scanpy,pbmc3k,deterministic,highly_variable_genes.pearson_residuals.variances.allclose_violating_fraction,0.0,observed,,False,,,True,"{""rapids-singlecell"": ""0.16.1"", ""scanpy"": ""1.12.3""}"
scanpy_core_hvg_pca,scanpy,pbmc3k,deterministic,highly_variable_genes.pearson_residuals.variances.max_abs_error,1.1368683772161603e-13,observed,,False,,,True,"{""rapids-singlecell"": ""0.16.1"", ""scanpy"": ""1.12.3""}"
scanpy_core_hvg_pca,scanpy,pbmc3k,deterministic,highly_variable_genes.pearson_residuals.variances.max_rel_error,5.65975338020477e-17,observed,,False,,,True,"{""rapids-singlecell"": ""0.16.1"", ""scanpy"": ""1.12.3""}"
scanpy_core_hvg_pca,scanpy,pbmc3k,deterministic,highly_variable_genes.pearson_residuals.residual_variances.allclose_excess,0.35402905952209823,<=,1.0,True,"Manuscript Methods: deterministic operations are validated with numpy.allclose at default parameters (rtol=1e-5, atol=1e-8).",,True,"{""rapids-singlecell"": ""0.16.1"", ""scanpy"": ""1.12.3""}"
scanpy_core_hvg_pca,scanpy,pbmc3k,deterministic,highly_variable_genes.pearson_residuals.residual_variances.allclose_worst_magnitude,1.042808771235023,observed,,False,,,True,"{""rapids-singlecell"": ""0.16.1"", ""scanpy"": ""1.12.3""}"
scanpy_core_hvg_pca,scanpy,pbmc3k,deterministic,highly_variable_genes.pearson_residuals.residual_variances.allclose_violating_fraction,0.0,observed,,False,,,True,"{""rapids-singlecell"": ""0.16.1"", ""scanpy"": ""1.12.3""}"
scanpy_core_hvg_pca,scanpy,pbmc3k,deterministic,highly_variable_genes.pearson_residuals.residual_variances.max_abs_error,2.5951500632004354e-05,observed,,False,,,True,"{""rapids-singlecell"": ""0.16.1"", ""scanpy"": ""1.12.3""}"
scanpy_core_hvg_pca,scanpy,pbmc3k,deterministic,highly_variable_genes.pearson_residuals.residual_variances.max_rel_error,6.703142101060446e-07,observed,,False,,,True,"{""rapids-singlecell"": ""0.16.1"", ""scanpy"": ""1.12.3""}"
scanpy_core_hvg_pca,scanpy,pbmc3k,deterministic,pca.scores.minimum_component_abs_correlation,0.9999999999999996,>=,0.95,True,,,True,"{""rapids-singlecell"": ""0.16.1"", ""scanpy"": ""1.12.3""}"
scanpy_core_hvg_pca,scanpy,pbmc3k,deterministic,pca.loadings.minimum_component_abs_correlation,0.9999999999999993,>=,0.95,True,,,True,"{""rapids-singlecell"": ""0.16.1"", ""scanpy"": ""1.12.3""}"
scanpy_core_hvg_pca,scanpy,pbmc3k,deterministic,pca.explained_variance_ratio.allclose_excess,5.227728669879001e-10,<=,1.0,True,"Manuscript Methods: deterministic operations are validated with numpy.allclose at default parameters (rtol=1e-5, atol=1e-8).",,True,"{""rapids-singlecell"": ""0.16.1"", ""scanpy"": ""1.12.3""}"
scanpy_core_hvg_pca,scanpy,pbmc3k,deterministic,pca.explained_variance_ratio.allclose_worst_magnitude,0.004972961593721208,observed,,False,,,True,"{""rapids-singlecell"": ""0.16.1"", ""scanpy"": ""1.12.3""}"
scanpy_core_hvg_pca,scanpy,pbmc3k,deterministic,pca.explained_variance_ratio.allclose_violating_fraction,0.0,observed,,False,,,True,"{""rapids-singlecell"": ""0.16.1"", ""scanpy"": ""1.12.3""}"
scanpy_core_hvg_pca,scanpy,pbmc3k,deterministic,pca.explained_variance_ratio.max_abs_error,6.591949208711867e-17,observed,,False,,,True,"{""rapids-singlecell"": ""0.16.1"", ""scanpy"": ""1.12.3""}"
scanpy_core_hvg_pca,scanpy,pbmc3k,deterministic,pca.explained_variance_ratio.max_rel_error,1.598453796798739e-15,observed,,False,,,True,"{""rapids-singlecell"": ""0.16.1"", ""scanpy"": ""1.12.3""}"
scanpy_core_preprocessing,scanpy,pbmc3k,deterministic,filter_cells.index_agreement,1.0,>=,1.0,True,,,True,"{""rapids-singlecell"": ""0.16.1"", ""scanpy"": ""1.12.3""}"
scanpy_core_preprocessing,scanpy,pbmc3k,deterministic,filter_genes.index_agreement,1.0,>=,1.0,True,,,True,"{""rapids-singlecell"": ""0.16.1"", ""scanpy"": ""1.12.3""}"
scanpy_core_preprocessing,scanpy,pbmc3k,deterministic,calculate_qc_metrics.n_genes_by_counts.allclose_excess,0.0,observed,,False,,,True,"{""rapids-singlecell"": ""0.16.1"", ""scanpy"": ""1.12.3""}"
scanpy_core_preprocessing,scanpy,pbmc3k,deterministic,calculate_qc_metrics.n_genes_by_counts.allclose_worst_magnitude,781.0,observed,,False,,,True,"{""rapids-singlecell"": ""0.16.1"", ""scanpy"": ""1.12.3""}"
scanpy_core_preprocessing,scanpy,pbmc3k,deterministic,calculate_qc_metrics.n_genes_by_counts.allclose_violating_fraction,0.0,observed,,False,,,True,"{""rapids-singlecell"": ""0.16.1"", ""scanpy"": ""1.12.3""}"
scanpy_core_preprocessing,scanpy,pbmc3k,deterministic,calculate_qc_metrics.n_genes_by_counts.max_abs_error,0.0,observed,,False,,,True,"{""rapids-singlecell"": ""0.16.1"", ""scanpy"": ""1.12.3""}"
scanpy_core_preprocessing,scanpy,pbmc3k,deterministic,calculate_qc_metrics.n_genes_by_counts.max_rel_error,0.0,observed,,False,,,True,"{""rapids-singlecell"": ""0.16.1"", ""scanpy"": ""1.12.3""}"
scanpy_core_preprocessing,scanpy,pbmc3k,deterministic,calculate_qc_metrics.pct_counts_mt.allclose_excess,0.0,observed,,False,,,True,"{""rapids-singlecell"": ""0.16.1"", ""scanpy"": ""1.12.3""}"
scanpy_core_preprocessing,scanpy,pbmc3k,deterministic,calculate_qc_metrics.pct_counts_mt.allclose_worst_magnitude,3.0152828693389893,observed,,False,,,True,"{""rapids-singlecell"": ""0.16.1"", ""scanpy"": ""1.12.3""}"
scanpy_core_preprocessing,scanpy,pbmc3k,deterministic,calculate_qc_metrics.pct_counts_mt.allclose_violating_fraction,0.0,observed,,False,,,True,"{""rapids-singlecell"": ""0.16.1"", ""scanpy"": ""1.12.3""}"
scanpy_core_preprocessing,scanpy,pbmc3k,deterministic,calculate_qc_metrics.pct_counts_mt.max_abs_error,0.0,observed,,False,,,True,"{""rapids-singlecell"": ""0.16.1"", ""scanpy"": ""1.12.3""}"
scanpy_core_preprocessing,scanpy,pbmc3k,deterministic,calculate_qc_metrics.pct_counts_mt.max_rel_error,0.0,observed,,False,,,True,"{""rapids-singlecell"": ""0.16.1"", ""scanpy"": ""1.12.3""}"
scanpy_core_preprocessing,scanpy,pbmc3k,deterministic,calculate_qc_metrics.total_counts.allclose_excess,0.0,observed,,False,,,True,"{""rapids-singlecell"": ""0.16.1"", ""scanpy"": ""1.12.3""}"
scanpy_core_preprocessing,scanpy,pbmc3k,deterministic,calculate_qc_metrics.total_counts.allclose_worst_magnitude,2421.0,observed,,False,,,True,"{""rapids-singlecell"": ""0.16.1"", ""scanpy"": ""1.12.3""}"
scanpy_core_preprocessing,scanpy,pbmc3k,deterministic,calculate_qc_metrics.total_counts.allclose_violating_fraction,0.0,observed,,False,,,True,"{""rapids-singlecell"": ""0.16.1"", ""scanpy"": ""1.12.3""}"
scanpy_core_preprocessing,scanpy,pbmc3k,deterministic,calculate_qc_metrics.total_counts.max_abs_error,0.0,observed,,False,,,True,"{""rapids-singlecell"": ""0.16.1"", ""scanpy"": ""1.12.3""}"
scanpy_core_preprocessing,scanpy,pbmc3k,deterministic,calculate_qc_metrics.total_counts.max_rel_error,0.0,observed,,False,,,True,"{""rapids-singlecell"": ""0.16.1"", ""scanpy"": ""1.12.3""}"
scanpy_core_preprocessing,scanpy,pbmc3k,deterministic,calculate_qc_metrics.total_counts_mt.allclose_excess,0.0,observed,,False,,,True,"{""rapids-singlecell"": ""0.16.1"", ""scanpy"": ""1.12.3""}"
scanpy_core_preprocessing,scanpy,pbmc3k,deterministic,calculate_qc_metrics.total_counts_mt.allclose_worst_magnitude,73.0,observed,,False,,,True,"{""rapids-singlecell"": ""0.16.1"", ""scanpy"": ""1.12.3""}"
scanpy_core_preprocessing,scanpy,pbmc3k,deterministic,calculate_qc_metrics.total_counts_mt.allclose_violating_fraction,0.0,observed,,False,,,True,"{""rapids-singlecell"": ""0.16.1"", ""scanpy"": ""1.12.3""}"
scanpy_core_preprocessing,scanpy,pbmc3k,deterministic,calculate_qc_metrics.total_counts_mt.max_abs_error,0.0,observed,,False,,,True,"{""rapids-singlecell"": ""0.16.1"", ""scanpy"": ""1.12.3""}"
scanpy_core_preprocessing,scanpy,pbmc3k,deterministic,calculate_qc_metrics.total_counts_mt.max_rel_error,0.0,observed,,False,,,True,"{""rapids-singlecell"": ""0.16.1"", ""scanpy"": ""1.12.3""}"
scanpy_core_preprocessing,scanpy,pbmc3k,deterministic,normalize_total.allclose_excess,0.014920841723690683,<=,1.0,True,"Manuscript Methods: deterministic operations are validated with numpy.allclose at default parameters (rtol=1e-5, atol=1e-8).",,True,"{""rapids-singlecell"": ""0.16.1"", ""scanpy"": ""1.12.3""}"
scanpy_core_preprocessing,scanpy,pbmc3k,deterministic,normalize_total.allclose_worst_magnitude,204.52886962890625,observed,,False,,,True,"{""rapids-singlecell"": ""0.16.1"", ""scanpy"": ""1.12.3""}"
scanpy_core_preprocessing,scanpy,pbmc3k,deterministic,normalize_total.allclose_violating_fraction,0.0,observed,,False,,,True,"{""rapids-singlecell"": ""0.16.1"", ""scanpy"": ""1.12.3""}"
scanpy_core_preprocessing,scanpy,pbmc3k,deterministic,normalize_total.max_abs_error,0.0001220703125,observed,,False,,,True,"{""rapids-singlecell"": ""0.16.1"", ""scanpy"": ""1.12.3""}"
scanpy_core_preprocessing,scanpy,pbmc3k,deterministic,normalize_total.max_rel_error,6.971244522606038e-08,observed,,False,,,True,"{""rapids-singlecell"": ""0.16.1"", ""scanpy"": ""1.12.3""}"
scanpy_core_preprocessing,scanpy,pbmc3k,deterministic,normalize_total.pearson_correlation,0.9999999999999994,>=,0.999999,True,,,True,"{""rapids-singlecell"": ""0.16.1"", ""scanpy"": ""1.12.3""}"
scanpy_core_preprocessing,scanpy,pbmc3k,deterministic,log1p.allclose_excess,0.014473540933135791,<=,1.0,True,"Manuscript Methods: deterministic operations are validated with numpy.allclose at default parameters (rtol=1e-5, atol=1e-8).",,True,"{""rapids-singlecell"": ""0.16.1"", ""scanpy"": ""1.12.3""}"
scanpy_core_preprocessing,scanpy,pbmc3k,deterministic,log1p.allclose_worst_magnitude,1.6462719440460205,observed,,False,,,True,"{""rapids-singlecell"": ""0.16.1"", ""scanpy"": ""1.12.3""}"
scanpy_core_preprocessing,scanpy,pbmc3k,deterministic,log1p.allclose_violating_fraction,0.0,observed,,False,,,True,"{""rapids-singlecell"": ""0.16.1"", ""scanpy"": ""1.12.3""}"
scanpy_core_preprocessing,scanpy,pbmc3k,deterministic,log1p.max_abs_error,4.76837158203125e-07,observed,,False,,,True,"{""rapids-singlecell"": ""0.16.1"", ""scanpy"": ""1.12.3""}"
scanpy_core_preprocessing,scanpy,pbmc3k,deterministic,log1p.max_rel_error,6.384606254628441e-08,observed,,False,,,True,"{""rapids-singlecell"": ""0.16.1"", ""scanpy"": ""1.12.3""}"
scanpy_core_preprocessing,scanpy,pbmc3k,deterministic,log1p.pearson_correlation,0.9999999999999369,>=,0.999999,True,,,True,"{""rapids-singlecell"": ""0.16.1"", ""scanpy"": ""1.12.3""}"
scanpy_core_preprocessing,scanpy,pbmc3k,deterministic,normalize_pearson_residuals.allclose_excess,30.626772867822197,<=,1.0,True,"Manuscript Methods: deterministic operations are validated with numpy.allclose at default parameters (rtol=1e-5, atol=1e-8).","numpy.allclose has two terms, atol + rtol * |b|, and which one binds depends on the magnitude of the element that fails. Where a quantity passes through zero the absolute floor binds, and at float32 precision no implementation can satisfy it there. See NUMERICAL_VALIDATION.md for the per-comparison split between that case and a genuine relative disagreement.",False,"{""rapids-singlecell"": ""0.16.1"", ""scanpy"": ""1.12.3""}"
scanpy_core_preprocessing,scanpy,pbmc3k,deterministic,normalize_pearson_residuals.allclose_worst_magnitude,0.0003513848641887307,observed,,False,,,True,"{""rapids-singlecell"": ""0.16.1"", ""scanpy"": ""1.12.3""}"
scanpy_core_preprocessing,scanpy,pbmc3k,deterministic,normalize_pearson_residuals.allclose_violating_fraction,1.501574492678474e-05,observed,,False,,,True,"{""rapids-singlecell"": ""0.16.1"", ""scanpy"": ""1.12.3""}"
scanpy_core_preprocessing,scanpy,pbmc3k,deterministic,normalize_pearson_residuals.max_abs_error,7.62939453125e-06,observed,,False,,,True,"{""rapids-singlecell"": ""0.16.1"", ""scanpy"": ""1.12.3""}"
scanpy_core_preprocessing,scanpy,pbmc3k,deterministic,normalize_pearson_residuals.max_rel_error,1.468277662123682e-07,observed,,False,,,True,"{""rapids-singlecell"": ""0.16.1"", ""scanpy"": ""1.12.3""}"
scanpy_core_preprocessing,scanpy,pbmc3k,deterministic,normalize_pearson_residuals.pearson_correlation,0.9999999999999971,>=,0.99999,True,,,True,"{""rapids-singlecell"": ""0.16.1"", ""scanpy"": ""1.12.3""}"
scanpy_core_preprocessing,scanpy,pbmc3k,deterministic,scale.allclose_excess,1.7870378674187586,<=,1.0,True,"Manuscript Methods: deterministic operations are validated with numpy.allclose at default parameters (rtol=1e-5, atol=1e-8).","numpy.allclose has two terms, atol + rtol * |b|, and which one binds depends on the magnitude of the element that fails. Where a quantity passes through zero the absolute floor binds, and at float32 precision no implementation can satisfy it there. See NUMERICAL_VALIDATION.md for the per-comparison split between that case and a genuine relative disagreement.",False,"{""rapids-singlecell"": ""0.16.1"", ""scanpy"": ""1.12.3""}"
scanpy_core_preprocessing,scanpy,pbmc3k,deterministic,scale.allclose_worst_magnitude,0.000722956030742845,observed,,False,,,True,"{""rapids-singlecell"": ""0.16.1"", ""scanpy"": ""1.12.3""}"
scanpy_core_preprocessing,scanpy,pbmc3k,deterministic,scale.allclose_violating_fraction,1.2962962962962962e-06,observed,,False,,,True,"{""rapids-singlecell"": ""0.16.1"", ""scanpy"": ""1.12.3""}"
scanpy_core_preprocessing,scanpy,pbmc3k,deterministic,scale.max_abs_error,1.3282611934783972e-06,observed,,False,,,True,"{""rapids-singlecell"": ""0.16.1"", ""scanpy"": ""1.12.3""}"
scanpy_core_preprocessing,scanpy,pbmc3k,deterministic,scale.max_rel_error,1.3282611934783973e-07,observed,,False,,,True,"{""rapids-singlecell"": ""0.16.1"", ""scanpy"": ""1.12.3""}"
scanpy_core_preprocessing,scanpy,pbmc3k,deterministic,scale.pearson_correlation,0.9999999999999993,>=,0.99999,True,,,True,"{""rapids-singlecell"": ""0.16.1"", ""scanpy"": ""1.12.3""}"
scanpy_core_preprocessing,scanpy,pbmc3k,deterministic,regress_out.allclose_excess,67.43914846257626,observed,,False,,,True,"{""rapids-singlecell"": ""0.16.1"", ""scanpy"": ""1.12.3""}"
scanpy_core_preprocessing,scanpy,pbmc3k,deterministic,regress_out.allclose_worst_magnitude,0.00012159482866991311,observed,,False,,,True,"{""rapids-singlecell"": ""0.16.1"", ""scanpy"": ""1.12.3""}"
scanpy_core_preprocessing,scanpy,pbmc3k,deterministic,regress_out.allclose_violating_fraction,0.0003668518518518519,observed,,False,,,True,"{""rapids-singlecell"": ""0.16.1"", ""scanpy"": ""1.12.3""}"
scanpy_core_preprocessing,scanpy,pbmc3k,deterministic,regress_out.max_abs_error,5.7220458984375e-06,observed,,False,,,True,"{""rapids-singlecell"": ""0.16.1"", ""scanpy"": ""1.12.3""}"
scanpy_core_preprocessing,scanpy,pbmc3k,deterministic,regress_out.max_rel_error,8.457153102379759e-07,observed,,False,,,True,"{""rapids-singlecell"": ""0.16.1"", ""scanpy"": ""1.12.3""}"
scanpy_core_preprocessing,scanpy,pbmc3k,deterministic,regress_out.pearson_correlation,0.9999999999999853,>=,0.9999,True,,,True,"{""rapids-singlecell"": ""0.16.1"", ""scanpy"": ""1.12.3""}"
scanpy_core_preprocessing,scanpy,pbmc3k,deterministic,score_genes.allclose_excess,0.0,observed,,False,,,True,"{""rapids-singlecell"": ""0.16.1"", ""scanpy"": ""1.12.3""}"
scanpy_core_preprocessing,scanpy,pbmc3k,deterministic,score_genes.allclose_worst_magnitude,0.5649533065160115,observed,,False,,,True,"{""rapids-singlecell"": ""0.16.1"", ""scanpy"": ""1.12.3""}"
scanpy_core_preprocessing,scanpy,pbmc3k,deterministic,score_genes.allclose_violating_fraction,0.0,observed,,False,,,True,"{""rapids-singlecell"": ""0.16.1"", ""scanpy"": ""1.12.3""}"
scanpy_core_preprocessing,scanpy,pbmc3k,deterministic,score_genes.max_abs_error,0.0,observed,,False,,,True,"{""rapids-singlecell"": ""0.16.1"", ""scanpy"": ""1.12.3""}"
scanpy_core_preprocessing,scanpy,pbmc3k,deterministic,score_genes.max_rel_error,0.0,observed,,False,,,True,"{""rapids-singlecell"": ""0.16.1"", ""scanpy"": ""1.12.3""}"
scanpy_core_preprocessing,scanpy,pbmc3k,deterministic,score_genes.pearson_correlation,0.9999999999999999,>=,0.9999,True,,,True,"{""rapids-singlecell"": ""0.16.1"", ""scanpy"": ""1.12.3""}"
scanpy_core_preprocessing,scanpy,pbmc3k,deterministic,sqrt.allclose_excess,0.0,<=,1.0,True,"Manuscript Methods: deterministic operations are validated with numpy.allclose at default parameters (rtol=1e-5, atol=1e-8).",,True,"{""rapids-singlecell"": ""0.16.1"", ""scanpy"": ""1.12.3""}"
scanpy_core_preprocessing,scanpy,pbmc3k,deterministic,sqrt.allclose_worst_magnitude,0.0,observed,,False,,,True,"{""rapids-singlecell"": ""0.16.1"", ""scanpy"": ""1.12.3""}"
scanpy_core_preprocessing,scanpy,pbmc3k,deterministic,sqrt.allclose_violating_fraction,0.0,observed,,False,,,True,"{""rapids-singlecell"": ""0.16.1"", ""scanpy"": ""1.12.3""}"
scanpy_core_preprocessing,scanpy,pbmc3k,deterministic,sqrt.max_abs_error,0.0,observed,,False,,,True,"{""rapids-singlecell"": ""0.16.1"", ""scanpy"": ""1.12.3""}"
scanpy_core_preprocessing,scanpy,pbmc3k,deterministic,sqrt.max_rel_error,0.0,observed,,False,,,True,"{""rapids-singlecell"": ""0.16.1"", ""scanpy"": ""1.12.3""}"
spatial_autocorr,squidpy,squidpy.datasets.imc,deterministic,moran.I.allclose_excess,0.0011057476041992265,observed,,False,,,True,"{""rapids-singlecell"": ""0.16.1"", ""squidpy"": ""1.8.3""}"
spatial_autocorr,squidpy,squidpy.datasets.imc,deterministic,moran.I.allclose_worst_magnitude,0.03143050311252896,observed,,False,,,True,"{""rapids-singlecell"": ""0.16.1"", ""squidpy"": ""1.8.3""}"
spatial_autocorr,squidpy,squidpy.datasets.imc,deterministic,moran.I.allclose_violating_fraction,0.0,observed,,False,,,True,"{""rapids-singlecell"": ""0.16.1"", ""squidpy"": ""1.8.3""}"
spatial_autocorr,squidpy,squidpy.datasets.imc,deterministic,moran.I.max_abs_error,2.0231722963615084e-09,observed,,False,,,True,"{""rapids-singlecell"": ""0.16.1"", ""squidpy"": ""1.8.3""}"
spatial_autocorr,squidpy,squidpy.datasets.imc,deterministic,moran.I.max_rel_error,2.8538125951174367e-09,observed,,False,,,True,"{""rapids-singlecell"": ""0.16.1"", ""squidpy"": ""1.8.3""}"
spatial_autocorr,squidpy,squidpy.datasets.imc,deterministic,moran.I.pearson_correlation,1.0,>=,0.999999,True,,,True,"{""rapids-singlecell"": ""0.16.1"", ""squidpy"": ""1.8.3""}"
spatial_autocorr,squidpy,squidpy.datasets.imc,deterministic,geary.C.allclose_excess,0.00131723781853509,observed,,False,,,True,"{""rapids-singlecell"": ""0.16.1"", ""squidpy"": ""1.8.3""}"
spatial_autocorr,squidpy,squidpy.datasets.imc,deterministic,geary.C.allclose_worst_magnitude,1.1349174948049512,observed,,False,,,True,"{""rapids-singlecell"": ""0.16.1"", ""squidpy"": ""1.8.3""}"
spatial_autocorr,squidpy,squidpy.datasets.imc,deterministic,geary.C.allclose_violating_fraction,0.0,observed,,False,,,True,"{""rapids-singlecell"": ""0.16.1"", ""squidpy"": ""1.8.3""}"
spatial_autocorr,squidpy,squidpy.datasets.imc,deterministic,geary.C.max_abs_error,1.4962734828927182e-08,observed,,False,,,True,"{""rapids-singlecell"": ""0.16.1"", ""squidpy"": ""1.8.3""}"
spatial_autocorr,squidpy,squidpy.datasets.imc,deterministic,geary.C.max_rel_error,1.318398464859219e-08,observed,,False,,,True,"{""rapids-singlecell"": ""0.16.1"", ""squidpy"": ""1.8.3""}"
spatial_autocorr,squidpy,squidpy.datasets.imc,deterministic,geary.C.pearson_correlation,1.0,>=,0.999999,True,,,True,"{""rapids-singlecell"": ""0.16.1"", ""squidpy"": ""1.8.3""}"
sqrt,scanpy,scanpy.datasets.pbmc3k,deterministic,X.allclose_excess,0.0,<=,1.0,True,"Manuscript Methods: deterministic operations are validated with numpy.allclose at default parameters (rtol=1e-5, atol=1e-8).",,True,"{""rapids-singlecell"": ""0.16.1"", ""scanpy"": ""1.12.3""}"
sqrt,scanpy,scanpy.datasets.pbmc3k,deterministic,X.allclose_worst_magnitude,0.0,observed,,False,,,True,"{""rapids-singlecell"": ""0.16.1"", ""scanpy"": ""1.12.3""}"
sqrt,scanpy,scanpy.datasets.pbmc3k,deterministic,X.allclose_violating_fraction,0.0,observed,,False,,,True,"{""rapids-singlecell"": ""0.16.1"", ""scanpy"": ""1.12.3""}"
sqrt,scanpy,scanpy.datasets.pbmc3k,deterministic,X.max_abs_error,0.0,observed,,False,,,True,"{""rapids-singlecell"": ""0.16.1"", ""scanpy"": ""1.12.3""}"
sqrt,scanpy,scanpy.datasets.pbmc3k,deterministic,X.max_rel_error,0.0,observed,,False,,,True,"{""rapids-singlecell"": ""0.16.1"", ""scanpy"": ""1.12.3""}"
